{
    "objects": [
        {
            "attributes": {
                "description": "Uses Simple Metric Visualizations",
                "hits": 0,
                "kibanaSavedObjectMeta": {
                    "searchSourceJSON": "{\"filter\": [], \"query\": {\"query\": \"\", \"language\": \"kuery\"}}"
                },
                "optionsJSON": "{\"useMargins\": true, \"hidePanelTitles\": false}",
                "panelsJSON": "[{\"panelIndex\": \"22\", \"version\": \"7.3.1\", \"title\": \"\", \"gridData\": {\"h\": 22, \"w\": 17, \"y\": 0, \"i\": \"22\", \"x\": 0}, \"panelRefName\": \"panel_0\", \"embeddableConfig\": {}}, {\"panelIndex\": \"23\", \"version\": \"7.3.1\", \"title\": \"Group Management Actions [Winlogbeat Security]\", \"gridData\": {\"h\": 22, \"w\": 22, \"y\": 0, \"i\": \"23\", \"x\": 17}, \"panelRefName\": \"panel_1\", \"embeddableConfig\": {\"vis\": {\"legendOpen\": false}}}, {\"panelIndex\": \"25\", \"version\": \"7.3.1\", \"title\": \"Event Codes [Winlogbeat Security]\", \"gridData\": {\"h\": 22, \"w\": 9, \"y\": 0, \"i\": \"25\", \"x\": 39}, \"panelRefName\": \"panel_2\", \"embeddableConfig\": {}}, {\"panelIndex\": \"35\", \"version\": \"7.3.1\", \"title\": \"Actions performed over Groups [Winlogbeat Security]\", \"gridData\": {\"h\": 21, \"w\": 26, \"y\": 22, \"i\": \"35\", \"x\": 0}, \"panelRefName\": \"panel_3\", \"embeddableConfig\": {\"vis\": {\"defaultColors\": {\"2 - 3\": \"rgb(107,174,214)\", \"3 - 4\": \"rgb(33,113,181)\", \"0 - 1\": \"rgb(247,251,255)\", \"1 - 2\": \"rgb(198,219,239)\"}, \"legendOpen\": false}}}, {\"panelIndex\": \"36\", \"version\": \"7.3.1\", \"title\": \"Group Creation Summary [Winlogbeat Security]\", \"gridData\": {\"h\": 13, \"w\": 9, \"y\": 52, \"i\": \"36\", \"x\": 0}, \"panelRefName\": \"panel_4\", \"embeddableConfig\": {}}, {\"panelIndex\": \"37\", \"version\": \"7.3.1\", \"title\": \"Group Changes Summary [Winlogbeat Security]\", \"gridData\": {\"h\": 13, \"w\": 9, \"y\": 52, \"i\": \"37\", \"x\": 9}, \"panelRefName\": \"panel_5\", \"embeddableConfig\": {}}, {\"panelIndex\": \"38\", \"version\": \"7.3.1\", \"title\": \"Group Deletion Summary [Winlogbeat Security]\", \"gridData\": {\"h\": 13, \"w\": 9, \"y\": 52, \"i\": \"38\", \"x\": 18}, \"panelRefName\": \"panel_6\", \"embeddableConfig\": {}}, {\"panelIndex\": \"39\", \"version\": \"7.3.1\", \"title\": \"Users Added to Group Summary [Winlogbeat Security]\", \"gridData\": {\"h\": 14, \"w\": 16, \"y\": 72, \"i\": \"39\", \"x\": 0}, \"panelRefName\": \"panel_7\", \"embeddableConfig\": {}}, {\"panelIndex\": \"40\", \"version\": \"7.3.1\", \"title\": \"Users Removed From Group Summary [Winlogbeat Security]\", \"gridData\": {\"h\": 14, \"w\": 17, \"y\": 72, \"i\": \"40\", \"x\": 16}, \"panelRefName\": \"panel_8\", \"embeddableConfig\": {}}, {\"panelIndex\": \"42\", \"version\": \"7.3.1\", \"title\": \"Group Membership Enumeration Summary [Winlogbeat Security]\", \"gridData\": {\"h\": 14, \"w\": 15, \"y\": 72, \"i\": \"42\", \"x\": 33}, \"panelRefName\": \"panel_9\", \"embeddableConfig\": {}}, {\"panelIndex\": \"43\", \"version\": \"7.3.1\", \"title\": \"Logon Details  [Winlogbeat Security]\", \"gridData\": {\"h\": 22, \"w\": 21, \"y\": 43, \"i\": \"43\", \"x\": 27}, \"panelRefName\": \"panel_10\", \"embeddableConfig\": {}}, {\"panelIndex\": \"44\", \"version\": \"7.3.1\", \"title\": \"\", \"gridData\": {\"h\": 7, \"w\": 16, \"y\": 65, \"i\": \"44\", \"x\": 0}, \"panelRefName\": \"panel_11\", \"embeddableConfig\": {}}, {\"panelIndex\": \"45\", \"version\": \"7.3.1\", \"title\": \"\", \"gridData\": {\"h\": 9, \"w\": 9, \"y\": 43, \"i\": \"45\", \"x\": 18}, \"panelRefName\": \"panel_12\", \"embeddableConfig\": {}}, {\"panelIndex\": \"46\", \"version\": \"7.3.1\", \"title\": \"\", \"gridData\": {\"h\": 9, \"w\": 9, \"y\": 43, \"i\": \"46\", \"x\": 0}, \"panelRefName\": \"panel_13\", \"embeddableConfig\": {}}, {\"panelIndex\": \"47\", \"version\": \"7.3.1\", \"title\": \"\", \"gridData\": {\"h\": 9, \"w\": 9, \"y\": 43, \"i\": \"47\", \"x\": 9}, \"panelRefName\": \"panel_14\", \"embeddableConfig\": {}}, {\"panelIndex\": \"48\", \"version\": \"7.3.1\", \"title\": \"\", \"gridData\": {\"h\": 7, \"w\": 17, \"y\": 65, \"i\": \"48\", \"x\": 16}, \"panelRefName\": \"panel_15\", \"embeddableConfig\": {}}, {\"panelIndex\": \"49\", \"version\": \"7.3.1\", \"title\": \"\", \"gridData\": {\"h\": 7, \"w\": 15, \"y\": 65, \"i\": \"49\", \"x\": 33}, \"panelRefName\": \"panel_16\", \"embeddableConfig\": {}}, {\"gridData\": {\"h\": 21, \"w\": 22, \"y\": 22, \"i\": \"50\", \"x\": 26}, \"version\": \"7.3.1\", \"panelRefName\": \"panel_17\", \"panelIndex\": \"50\", \"embeddableConfig\": {}}, {\"gridData\": {\"h\": 21, \"w\": 48, \"y\": 86, \"i\": \"51\", \"x\": 0}, \"version\": \"7.3.1\", \"panelRefName\": \"panel_18\", \"panelIndex\": \"51\", \"embeddableConfig\": {}}]",
                "timeRestore": false,
                "title": "[Winlogbeat Security] Group Management Events - Simple Metrics",
                "version": 1
            },
            "id": "01c54730-fee6-11e9-8405-516218e3d268",
            "migrationVersion": {
                "dashboard": "7.3.0"
            },
            "references": [
                {
                    "id": "6f0f2ea0-f414-11e9-8405-516218e3d268",
                    "name": "panel_0",
                    "type": "visualization"
                },
                {
                    "id": "b01aaea0-f415-11e9-8405-516218e3d268",
                    "name": "panel_1",
                    "type": "visualization"
                },
                {
                    "id": "11b5c0e0-f417-11e9-8405-516218e3d268",
                    "name": "panel_2",
                    "type": "visualization"
                },
                {
                    "id": "b948eaf0-f49c-11e9-8405-516218e3d268",
                    "name": "panel_3",
                    "type": "visualization"
                },
                {
                    "id": "98884120-f49d-11e9-8405-516218e3d268",
                    "name": "panel_4",
                    "type": "visualization"
                },
                {
                    "id": "9e534190-f49d-11e9-8405-516218e3d268",
                    "name": "panel_5",
                    "type": "visualization"
                },
                {
                    "id": "bb9cf7a0-f49d-11e9-8405-516218e3d268",
                    "name": "panel_6",
                    "type": "visualization"
                },
                {
                    "id": "ce867840-f49e-11e9-8405-516218e3d268",
                    "name": "panel_7",
                    "type": "visualization"
                },
                {
                    "id": "fee83900-f49f-11e9-8405-516218e3d268",
                    "name": "panel_8",
                    "type": "visualization"
                },
                {
                    "id": "bc165210-f4b8-11e9-8405-516218e3d268",
                    "name": "panel_9",
                    "type": "visualization"
                },
                {
                    "id": "7e178c80-fee1-11e9-8405-516218e3d268",
                    "name": "panel_10",
                    "type": "search"
                },
                {
                    "id": "a13bf640-fee8-11e9-8405-516218e3d268",
                    "name": "panel_11",
                    "type": "visualization"
                },
                {
                    "id": "5eeaafd0-fee7-11e9-8405-516218e3d268",
                    "name": "panel_12",
                    "type": "visualization"
                },
                {
                    "id": "f42f3b20-fee6-11e9-8405-516218e3d268",
                    "name": "panel_13",
                    "type": "visualization"
                },
                {
                    "id": "b5f38780-fee6-11e9-8405-516218e3d268",
                    "name": "panel_14",
                    "type": "visualization"
                },
                {
                    "id": "1b5f17d0-feea-11e9-8405-516218e3d268",
                    "name": "panel_15",
                    "type": "visualization"
                },
                {
                    "id": "0f2f5280-feeb-11e9-8405-516218e3d268",
                    "name": "panel_16",
                    "type": "visualization"
                },
                {
                    "id": "24954800-fef0-11e9-8405-516218e3d268",
                    "name": "panel_17",
                    "type": "visualization"
                },
                {
                    "id": "9066d5b0-fef2-11e9-8405-516218e3d268",
                    "name": "panel_18",
                    "type": "search"
                }
            ],
            "type": "dashboard",
            "updated_at": "2020-02-04T20:39:00.715Z",
            "version": "WzI0LDFd"
        },
        {
            "attributes": {
                "description": "",
                "kibanaSavedObjectMeta": {
                    "searchSourceJSON": "{\"filter\": [], \"query\": {\"query\": \"\", \"language\": \"kuery\"}}"
                },
                "title": "Group Management Events [Winlogbeat Security]",
                "uiStateJSON": "{}",
                "version": 1,
                "visState": "{\"title\": \"Group Management Events [Winlogbeat Security]\", \"aggs\": [], \"params\": {\"openLinksInNewTab\": false, \"markdown\": \"# **Group Management Events**\\n\\n#### This dashboard shows information about Group Management Events collected by winlogbeat\\n#\\n#\\n#\\nEvent | Description|Event | Description\\n-- | --|--|--\\n|4727|A security-enabled global group was created.|4728|A member was added to a security-enabled global group.| \\n|4729|A member was removed from a security-enabled global group.|4730|A security-enabled global group was deleted.| \\n|4731|A security-enabled local group was created.|4732|A member was added to a security-enabled local group.|\\n|4733|A member was removed from a security-enabled local group.|4734|A security-enabled local group was deleted.|\\n|4735|A security-enabled local group was changed.|4737|A security-enabled global group was changed.|\\n|4754|A security-enabled universal group was created.| 4755|A security-enabled universal group was changed.| \\n|4756|A member was added to a security-enabled universal group.|4757|A member was removed from a security-enabled universal group.| \\n|4758|A security-enabled universal group was deleted.| 4764|A group\\\\'s type was changed.|\\n|4799|A security-enabled local group membership was enumerated.|\", \"fontSize\": 10}, \"type\": \"markdown\"}"
            },
            "id": "6f0f2ea0-f414-11e9-8405-516218e3d268",
            "migrationVersion": {
                "visualization": "7.4.2"
            },
            "references": [],
            "type": "visualization",
            "updated_at": "2020-02-04T20:39:00.715Z",
            "version": "WzI1LDFd"
        },
        {
            "attributes": {
                "description": "",
                "kibanaSavedObjectMeta": {
                    "searchSourceJSON": "{\"indexRefName\": \"kibanaSavedObjectMeta.searchSourceJSON.index\", \"filter\": [{\"$state\": {\"store\": \"appState\"}, \"query\": {\"bool\": {\"minimum_should_match\": 1, \"should\": [{\"match_phrase\": {\"event.code\": \"4731\"}}, {\"match_phrase\": {\"event.code\": \"4732\"}}, {\"match_phrase\": {\"event.code\": \"4733\"}}, {\"match_phrase\": {\"event.code\": \"4734\"}}, {\"match_phrase\": {\"event.code\": \"4735\"}}, {\"match_phrase\": {\"event.code\": \"4764\"}}, {\"match_phrase\": {\"event.code\": \"4799\"}}, {\"match_phrase\": {\"event.code\": \"4727\"}}, {\"match_phrase\": {\"event.code\": \"4737\"}}, {\"match_phrase\": {\"event.code\": \"4728\"}}, {\"match_phrase\": {\"event.code\": \"4729\"}}, {\"match_phrase\": {\"event.code\": \"4730\"}}, {\"match_phrase\": {\"event.code\": \"4754\"}}, {\"match_phrase\": {\"event.code\": \"4755\"}}, {\"match_phrase\": {\"event.code\": \"4756\"}}, {\"match_phrase\": {\"event.code\": \"4757\"}}, {\"match_phrase\": {\"event.code\": \"4758\"}}]}}, \"meta\": {\"negate\": false, \"value\": \"4731, 4732, 4733, 4734, 4735, 4764, 4799, 4727, 4737, 4728, 4729, 4730, 4754, 4755, 4756, 4757, 4758\", \"indexRefName\": \"kibanaSavedObjectMeta.searchSourceJSON.filter[0].meta.index\", \"params\": [\"4731\", \"4732\", \"4733\", \"4734\", \"4735\", \"4764\", \"4799\", \"4727\", \"4737\", \"4728\", \"4729\", \"4730\", \"4754\", \"4755\", \"4756\", \"4757\", \"4758\"], \"key\": \"event.code\", \"alias\": null, \"disabled\": false, \"type\": \"phrases\"}}], \"query\": {\"query\": \"\", \"language\": \"kuery\"}}"
                },
                "title": "Group Management Events - Event Actions - Donut [Winlogbeat Security]",
                "uiStateJSON": "{}",
                "version": 1,
                "visState": "{\"title\": \"Group Management Events - Event Actions - Donut [Winlogbeat Security]\", \"aggs\": [{\"schema\": \"metric\", \"type\": \"count\", \"enabled\": true, \"id\": \"1\", \"params\": {}}, {\"schema\": \"segment\", \"type\": \"terms\", \"enabled\": true, \"id\": \"2\", \"params\": {\"order\": \"desc\", \"missingBucket\": false, \"size\": 5, \"missingBucketLabel\": \"Missing\", \"field\": \"event.action\", \"orderBy\": \"1\", \"otherBucketLabel\": \"Other\", \"otherBucket\": false}}], \"params\": {\"labels\": {\"show\": true, \"values\": true, \"truncate\": 100, \"last_level\": true}, \"addLegend\": true, \"type\": \"pie\", \"legendPosition\": \"right\", \"addTooltip\": true, \"isDonut\": true, \"dimensions\": {\"buckets\": [{\"aggType\": \"terms\", \"format\": {\"params\": {\"otherBucketLabel\": \"Other\", \"missingBucketLabel\": \"Missing\", \"id\": \"string\"}, \"id\": \"terms\"}, \"params\": {}, \"accessor\": 0}], \"metric\": {\"aggType\": \"count\", \"format\": {\"id\": \"number\"}, \"params\": {}, \"accessor\": 1}}}, \"type\": \"pie\"}"
            },
            "id": "b01aaea0-f415-11e9-8405-516218e3d268",
            "migrationVersion": {
                "visualization": "7.4.2"
            },
            "references": [
                {
                    "id": "winlogbeat-*",
                    "name": "kibanaSavedObjectMeta.searchSourceJSON.index",
                    "type": "index-pattern"
                },
                {
                    "id": "winlogbeat-*",
                    "name": "kibanaSavedObjectMeta.searchSourceJSON.filter[0].meta.index",
                    "type": "index-pattern"
                }
            ],
            "type": "visualization",
            "updated_at": "2020-02-04T20:39:00.715Z",
            "version": "WzI2LDFd"
        },
        {
            "attributes": {
                "description": "",
                "kibanaSavedObjectMeta": {
                    "searchSourceJSON": "{\"indexRefName\": \"kibanaSavedObjectMeta.searchSourceJSON.index\", \"filter\": [{\"$state\": {\"store\": \"appState\"}, \"query\": {\"bool\": {\"minimum_should_match\": 1, \"should\": [{\"match_phrase\": {\"event.code\": \"4727\"}}, {\"match_phrase\": {\"event.code\": \"4728\"}}, {\"match_phrase\": {\"event.code\": \"4729\"}}, {\"match_phrase\": {\"event.code\": \"4730\"}}, {\"match_phrase\": {\"event.code\": \"4731\"}}, {\"match_phrase\": {\"event.code\": \"4732\"}}, {\"match_phrase\": {\"event.code\": \"4733\"}}, {\"match_phrase\": {\"event.code\": \"4734\"}}, {\"match_phrase\": {\"event.code\": \"4735\"}}, {\"match_phrase\": {\"event.code\": \"4737\"}}, {\"match_phrase\": {\"event.code\": \"4754\"}}, {\"match_phrase\": {\"event.code\": \"4755\"}}, {\"match_phrase\": {\"event.code\": \"4756\"}}, {\"match_phrase\": {\"event.code\": \"4757\"}}, {\"match_phrase\": {\"event.code\": \"4758\"}}, {\"match_phrase\": {\"event.code\": \"4764\"}}, {\"match_phrase\": {\"event.code\": \"4799\"}}]}}, \"meta\": {\"negate\": false, \"value\": \"4727, 4728, 4729, 4730, 4731, 4732, 4733, 4734, 4735, 4737, 4754, 4755, 4756, 4757, 4758, 4764, 4799\", \"indexRefName\": \"kibanaSavedObjectMeta.searchSourceJSON.filter[0].meta.index\", \"params\": [\"4727\", \"4728\", \"4729\", \"4730\", \"4731\", \"4732\", \"4733\", \"4734\", \"4735\", \"4737\", \"4754\", \"4755\", \"4756\", \"4757\", \"4758\", \"4764\", \"4799\"], \"key\": \"event.code\", \"alias\": null, \"disabled\": false, \"type\": \"phrases\"}}], \"query\": {\"query\": \"\", \"language\": \"kuery\"}}"
                },
                "title": "Group Management Events - Event Actions - Table [Winlogbeat Security]",
                "uiStateJSON": "{\"vis\": {\"params\": {\"sort\": {\"columnIndex\": null, \"direction\": null}}}}",
                "version": 1,
                "visState": "{\"title\": \"Group Management Events - Event Actions - Table [Winlogbeat Security]\", \"aggs\": [{\"schema\": \"metric\", \"type\": \"count\", \"enabled\": true, \"id\": \"1\", \"params\": {}}, {\"schema\": \"bucket\", \"type\": \"terms\", \"enabled\": true, \"id\": \"2\", \"params\": {\"order\": \"desc\", \"missingBucket\": false, \"size\": 20, \"missingBucketLabel\": \"Missing\", \"field\": \"event.action\", \"orderBy\": \"1\", \"otherBucketLabel\": \"Other\", \"otherBucket\": false, \"customLabel\": \"Event Action\"}}, {\"schema\": \"bucket\", \"type\": \"terms\", \"enabled\": true, \"id\": \"3\", \"params\": {\"order\": \"desc\", \"missingBucket\": false, \"size\": 10, \"missingBucketLabel\": \"Missing\", \"field\": \"event.code\", \"orderBy\": \"1\", \"otherBucketLabel\": \"Other\", \"otherBucket\": false, \"customLabel\": \"Event Code\"}}], \"params\": {\"perPage\": 10, \"showTotal\": false, \"sort\": {\"columnIndex\": null, \"direction\": null}, \"showMetricsAtAllLevels\": false, \"totalFunc\": \"sum\", \"dimensions\": {\"buckets\": [{\"aggType\": \"terms\", \"format\": {\"params\": {\"otherBucketLabel\": \"Other\", \"missingBucketLabel\": \"Missing\", \"id\": \"string\"}, \"id\": \"terms\"}, \"params\": {}, \"accessor\": 0}, {\"aggType\": \"terms\", \"format\": {\"params\": {\"otherBucketLabel\": \"Other\", \"missingBucketLabel\": \"Missing\", \"id\": \"string\"}, \"id\": \"terms\"}, \"params\": {}, \"accessor\": 1}], \"metrics\": [{\"aggType\": \"count\", \"format\": {\"id\": \"number\"}, \"params\": {}, \"accessor\": 2}]}, \"showPartialRows\": false}, \"type\": \"table\"}"
            },
            "id": "11b5c0e0-f417-11e9-8405-516218e3d268",
            "migrationVersion": {
                "visualization": "7.4.2"
            },
            "references": [
                {
                    "id": "winlogbeat-*",
                    "name": "kibanaSavedObjectMeta.searchSourceJSON.index",
                    "type": "index-pattern"
                },
                {
                    "id": "winlogbeat-*",
                    "name": "kibanaSavedObjectMeta.searchSourceJSON.filter[0].meta.index",
                    "type": "index-pattern"
                }
            ],
            "type": "visualization",
            "updated_at": "2020-02-04T20:39:00.715Z",
            "version": "WzI3LDFd"
        },
        {
            "attributes": {
                "description": "",
                "kibanaSavedObjectMeta": {
                    "searchSourceJSON": "{\"indexRefName\": \"kibanaSavedObjectMeta.searchSourceJSON.index\", \"filter\": [{\"$state\": {\"store\": \"appState\"}, \"query\": {\"bool\": {\"minimum_should_match\": 1, \"should\": [{\"match_phrase\": {\"event.code\": \"4727\"}}, {\"match_phrase\": {\"event.code\": \"4728\"}}, {\"match_phrase\": {\"event.code\": \"4729\"}}, {\"match_phrase\": {\"event.code\": \"4730\"}}, {\"match_phrase\": {\"event.code\": \"4731\"}}, {\"match_phrase\": {\"event.code\": \"4732\"}}, {\"match_phrase\": {\"event.code\": \"4733\"}}, {\"match_phrase\": {\"event.code\": \"4734\"}}, {\"match_phrase\": {\"event.code\": \"4735\"}}, {\"match_phrase\": {\"event.code\": \"4737\"}}, {\"match_phrase\": {\"event.code\": \"4754\"}}, {\"match_phrase\": {\"event.code\": \"4755\"}}, {\"match_phrase\": {\"event.code\": \"4756\"}}, {\"match_phrase\": {\"event.code\": \"4757\"}}, {\"match_phrase\": {\"event.code\": \"4758\"}}, {\"match_phrase\": {\"event.code\": \"4764\"}}, {\"match_phrase\": {\"event.code\": \"4799\"}}]}}, \"meta\": {\"negate\": false, \"value\": \"4727, 4728, 4729, 4730, 4731, 4732, 4733, 4734, 4735, 4737, 4754, 4755, 4756, 4757, 4758, 4764, 4799\", \"indexRefName\": \"kibanaSavedObjectMeta.searchSourceJSON.filter[0].meta.index\", \"params\": [\"4727\", \"4728\", \"4729\", \"4730\", \"4731\", \"4732\", \"4733\", \"4734\", \"4735\", \"4737\", \"4754\", \"4755\", \"4756\", \"4757\", \"4758\", \"4764\", \"4799\"], \"key\": \"event.code\", \"alias\": null, \"disabled\": false, \"type\": \"phrases\"}}], \"query\": {\"query\": \"\", \"language\": \"kuery\"}}"
                },
                "title": "Group Management Events - Groups vs Actions - Heatmap [Winlogbeat Security]",
                "uiStateJSON": "{\"vis\": {\"defaultColors\": {\"2 - 3\": \"rgb(107,174,214)\", \"3 - 4\": \"rgb(33,113,181)\", \"0 - 1\": \"rgb(247,251,255)\", \"1 - 2\": \"rgb(198,219,239)\"}}}",
                "version": 1,
                "visState": "{\"title\": \"Group Management Events - Groups vs Actions - Heatmap [Winlogbeat Security]\", \"aggs\": [{\"schema\": \"metric\", \"type\": \"count\", \"enabled\": true, \"id\": \"1\", \"params\": {}}, {\"schema\": \"segment\", \"type\": \"terms\", \"enabled\": true, \"id\": \"2\", \"params\": {\"order\": \"desc\", \"missingBucket\": false, \"size\": 15, \"missingBucketLabel\": \"Missing\", \"field\": \"group.name\", \"orderBy\": \"1\", \"otherBucketLabel\": \"Other\", \"otherBucket\": false, \"customLabel\": \"Group\"}}, {\"schema\": \"group\", \"type\": \"terms\", \"enabled\": true, \"id\": \"3\", \"params\": {\"order\": \"desc\", \"missingBucket\": false, \"size\": 5, \"missingBucketLabel\": \"Missing\", \"field\": \"event.action\", \"orderBy\": \"1\", \"otherBucketLabel\": \"Other\", \"otherBucket\": false}}], \"params\": {\"colorsNumber\": 4, \"invertColors\": false, \"addLegend\": true, \"enableHover\": false, \"legendPosition\": \"right\", \"valueAxes\": [{\"labels\": {\"color\": \"black\", \"overwriteColor\": false, \"show\": true, \"rotate\": 0}, \"show\": false, \"scale\": {\"type\": \"linear\", \"defaultYExtents\": false}, \"type\": \"value\", \"id\": \"ValueAxis-1\"}], \"colorsRange\": [], \"dimensions\": {\"series\": [{\"aggType\": \"terms\", \"format\": {\"params\": {\"otherBucketLabel\": \"Other\", \"missingBucketLabel\": \"Missing\", \"id\": \"string\"}, \"id\": \"terms\"}, \"params\": {}, \"accessor\": 1}], \"y\": [{\"aggType\": \"count\", \"format\": {\"id\": \"number\"}, \"params\": {}, \"accessor\": 2}], \"x\": {\"aggType\": \"terms\", \"format\": {\"params\": {\"otherBucketLabel\": \"Other\", \"missingBucketLabel\": \"Missing\", \"id\": \"string\"}, \"id\": \"terms\"}, \"params\": {}, \"accessor\": 0}}, \"colorSchema\": \"Blues\", \"percentageMode\": false, \"times\": [], \"type\": \"heatmap\", \"addTooltip\": true, \"setColorRange\": false}, \"type\": \"heatmap\"}"
            },
            "id": "b948eaf0-f49c-11e9-8405-516218e3d268",
            "migrationVersion": {
                "visualization": "7.4.2"
            },
            "references": [
                {
                    "id": "winlogbeat-*",
                    "name": "kibanaSavedObjectMeta.searchSourceJSON.index",
                    "type": "index-pattern"
                },
                {
                    "id": "winlogbeat-*",
                    "name": "kibanaSavedObjectMeta.searchSourceJSON.filter[0].meta.index",
                    "type": "index-pattern"
                }
            ],
            "type": "visualization",
            "updated_at": "2020-02-04T20:39:00.715Z",
            "version": "WzI4LDFd"
        },
        {
            "attributes": {
                "description": "",
                "kibanaSavedObjectMeta": {
                    "searchSourceJSON": "{\"indexRefName\": \"kibanaSavedObjectMeta.searchSourceJSON.index\", \"filter\": [{\"$state\": {\"store\": \"appState\"}, \"query\": {\"bool\": {\"minimum_should_match\": 1, \"should\": [{\"match_phrase\": {\"event.code\": \"4731\"}}, {\"match_phrase\": {\"event.code\": \"4727\"}}, {\"match_phrase\": {\"event.code\": \"4754\"}}]}}, \"meta\": {\"negate\": false, \"value\": \"4731, 4727, 4754\", \"indexRefName\": \"kibanaSavedObjectMeta.searchSourceJSON.filter[0].meta.index\", \"params\": [\"4731\", \"4727\", \"4754\"], \"key\": \"event.code\", \"alias\": null, \"disabled\": false, \"type\": \"phrases\"}}], \"query\": {\"query\": \"\", \"language\": \"kuery\"}}"
                },
                "title": "Groups Created - Table [Winlogbeat Security]",
                "uiStateJSON": "{\"vis\": {\"params\": {\"sort\": {\"columnIndex\": null, \"direction\": null}}}}",
                "version": 1,
                "visState": "{\"title\": \"Groups Created - Table [Winlogbeat Security]\", \"aggs\": [{\"schema\": \"metric\", \"type\": \"count\", \"enabled\": true, \"id\": \"1\", \"params\": {}}, {\"schema\": \"bucket\", \"type\": \"terms\", \"enabled\": true, \"id\": \"2\", \"params\": {\"order\": \"desc\", \"missingBucket\": false, \"size\": 20, \"missingBucketLabel\": \"Missing\", \"field\": \"group.name\", \"orderBy\": \"1\", \"otherBucketLabel\": \"Other\", \"otherBucket\": false, \"customLabel\": \"Group\"}}, {\"schema\": \"bucket\", \"type\": \"terms\", \"enabled\": true, \"id\": \"3\", \"params\": {\"order\": \"desc\", \"missingBucket\": false, \"size\": 5, \"missingBucketLabel\": \"Missing\", \"field\": \"group.domain\", \"orderBy\": \"1\", \"otherBucketLabel\": \"Other\", \"otherBucket\": false, \"customLabel\": \"Domain\"}}, {\"schema\": \"bucket\", \"type\": \"terms\", \"enabled\": true, \"id\": \"4\", \"params\": {\"order\": \"desc\", \"missingBucket\": false, \"size\": 5, \"missingBucketLabel\": \"Missing\", \"field\": \"winlog.event_data.SubjectUserName\", \"orderBy\": \"1\", \"otherBucketLabel\": \"Other\", \"otherBucket\": false, \"customLabel\": \"Performed by\"}}, {\"schema\": \"bucket\", \"type\": \"terms\", \"enabled\": true, \"id\": \"5\", \"params\": {\"order\": \"desc\", \"missingBucket\": false, \"size\": 5, \"missingBucketLabel\": \"Missing\", \"field\": \"winlog.logon.id\", \"orderBy\": \"1\", \"otherBucketLabel\": \"Other\", \"otherBucket\": false, \"customLabel\": \"Performer LogonID\"}}], \"params\": {\"perPage\": 5, \"showTotal\": false, \"sort\": {\"columnIndex\": null, \"direction\": null}, \"showMetricsAtAllLevels\": false, \"totalFunc\": \"sum\", \"dimensions\": {\"buckets\": [{\"aggType\": \"terms\", \"format\": {\"params\": {\"otherBucketLabel\": \"Other\", \"missingBucketLabel\": \"Missing\", \"id\": \"string\"}, \"id\": \"terms\"}, \"params\": {}, \"accessor\": 0}, {\"aggType\": \"terms\", \"format\": {\"params\": {\"otherBucketLabel\": \"Other\", \"missingBucketLabel\": \"Missing\", \"id\": \"string\"}, \"id\": \"terms\"}, \"params\": {}, \"accessor\": 1}, {\"aggType\": \"terms\", \"format\": {\"params\": {\"otherBucketLabel\": \"Other\", \"missingBucketLabel\": \"Missing\", \"id\": \"string\"}, \"id\": \"terms\"}, \"params\": {}, \"accessor\": 2}, {\"aggType\": \"terms\", \"format\": {\"params\": {\"otherBucketLabel\": \"Other\", \"missingBucketLabel\": \"Missing\", \"id\": \"string\"}, \"id\": \"terms\"}, \"params\": {}, \"accessor\": 3}], \"metrics\": [{\"aggType\": \"count\", \"format\": {\"id\": \"number\"}, \"params\": {}, \"accessor\": 4}]}, \"showPartialRows\": false}, \"type\": \"table\"}"
            },
            "id": "98884120-f49d-11e9-8405-516218e3d268",
            "migrationVersion": {
                "visualization": "7.4.2"
            },
            "references": [
                {
                    "id": "winlogbeat-*",
                    "name": "kibanaSavedObjectMeta.searchSourceJSON.index",
                    "type": "index-pattern"
                },
                {
                    "id": "winlogbeat-*",
                    "name": "kibanaSavedObjectMeta.searchSourceJSON.filter[0].meta.index",
                    "type": "index-pattern"
                }
            ],
            "type": "visualization",
            "updated_at": "2020-02-04T20:39:00.715Z",
            "version": "WzI5LDFd"
        },
        {
            "attributes": {
                "description": "",
                "kibanaSavedObjectMeta": {
                    "searchSourceJSON": "{\"indexRefName\": \"kibanaSavedObjectMeta.searchSourceJSON.index\", \"filter\": [{\"$state\": {\"store\": \"appState\"}, \"query\": {\"bool\": {\"minimum_should_match\": 1, \"should\": [{\"match_phrase\": {\"event.code\": \"4735\"}}, {\"match_phrase\": {\"event.code\": \"4737\"}}, {\"match_phrase\": {\"event.code\": \"4755\"}}]}}, \"meta\": {\"negate\": false, \"value\": \"4735, 4737, 4755\", \"indexRefName\": \"kibanaSavedObjectMeta.searchSourceJSON.filter[0].meta.index\", \"params\": [\"4735\", \"4737\", \"4755\"], \"key\": \"event.code\", \"alias\": null, \"disabled\": false, \"type\": \"phrases\"}}], \"query\": {\"query\": \"\", \"language\": \"kuery\"}}"
                },
                "title": "Group Changes - Table [Winlogbeat Security]",
                "uiStateJSON": "{\"vis\": {\"params\": {\"sort\": {\"columnIndex\": null, \"direction\": null}}}}",
                "version": 1,
                "visState": "{\"title\": \"Group Changes - Table [Winlogbeat Security]\", \"aggs\": [{\"schema\": \"metric\", \"type\": \"count\", \"enabled\": true, \"id\": \"1\", \"params\": {}}, {\"schema\": \"bucket\", \"type\": \"terms\", \"enabled\": true, \"id\": \"2\", \"params\": {\"order\": \"desc\", \"missingBucket\": false, \"size\": 20, \"missingBucketLabel\": \"Missing\", \"field\": \"group.name\", \"orderBy\": \"1\", \"otherBucketLabel\": \"Other\", \"otherBucket\": false, \"customLabel\": \"Group\"}}, {\"schema\": \"bucket\", \"type\": \"terms\", \"enabled\": true, \"id\": \"3\", \"params\": {\"order\": \"desc\", \"missingBucket\": false, \"size\": 5, \"missingBucketLabel\": \"Missing\", \"field\": \"group.domain\", \"orderBy\": \"1\", \"otherBucketLabel\": \"Other\", \"otherBucket\": false, \"customLabel\": \"Domain\"}}, {\"schema\": \"bucket\", \"type\": \"terms\", \"enabled\": true, \"id\": \"4\", \"params\": {\"order\": \"desc\", \"missingBucket\": false, \"size\": 5, \"missingBucketLabel\": \"Missing\", \"field\": \"winlog.event_data.SubjectUserName\", \"orderBy\": \"1\", \"otherBucketLabel\": \"Other\", \"otherBucket\": false, \"customLabel\": \"Performed by\"}}, {\"schema\": \"bucket\", \"type\": \"terms\", \"enabled\": true, \"id\": \"5\", \"params\": {\"order\": \"desc\", \"missingBucket\": false, \"size\": 5, \"missingBucketLabel\": \"Missing\", \"field\": \"winlog.logon.id\", \"orderBy\": \"1\", \"otherBucketLabel\": \"Other\", \"otherBucket\": false, \"customLabel\": \"Performer LogonID\"}}], \"params\": {\"perPage\": 5, \"showTotal\": false, \"sort\": {\"columnIndex\": null, \"direction\": null}, \"showMetricsAtAllLevels\": false, \"totalFunc\": \"sum\", \"dimensions\": {\"buckets\": [{\"aggType\": \"terms\", \"format\": {\"params\": {\"otherBucketLabel\": \"Other\", \"missingBucketLabel\": \"Missing\", \"id\": \"string\"}, \"id\": \"terms\"}, \"params\": {}, \"accessor\": 0}, {\"aggType\": \"terms\", \"format\": {\"params\": {\"otherBucketLabel\": \"Other\", \"missingBucketLabel\": \"Missing\", \"id\": \"string\"}, \"id\": \"terms\"}, \"params\": {}, \"accessor\": 1}, {\"aggType\": \"terms\", \"format\": {\"params\": {\"otherBucketLabel\": \"Other\", \"missingBucketLabel\": \"Missing\", \"id\": \"string\"}, \"id\": \"terms\"}, \"params\": {}, \"accessor\": 2}, {\"aggType\": \"terms\", \"format\": {\"params\": {\"otherBucketLabel\": \"Other\", \"missingBucketLabel\": \"Missing\", \"id\": \"string\"}, \"id\": \"terms\"}, \"params\": {}, \"accessor\": 3}], \"metrics\": [{\"aggType\": \"count\", \"format\": {\"id\": \"number\"}, \"params\": {}, \"accessor\": 4}]}, \"showPartialRows\": false}, \"type\": \"table\"}"
            },
            "id": "9e534190-f49d-11e9-8405-516218e3d268",
            "migrationVersion": {
                "visualization": "7.4.2"
            },
            "references": [
                {
                    "id": "winlogbeat-*",
                    "name": "kibanaSavedObjectMeta.searchSourceJSON.index",
                    "type": "index-pattern"
                },
                {
                    "id": "winlogbeat-*",
                    "name": "kibanaSavedObjectMeta.searchSourceJSON.filter[0].meta.index",
                    "type": "index-pattern"
                }
            ],
            "type": "visualization",
            "updated_at": "2020-02-04T20:39:00.715Z",
            "version": "WzMwLDFd"
        },
        {
            "attributes": {
                "description": "",
                "kibanaSavedObjectMeta": {
                    "searchSourceJSON": "{\"indexRefName\": \"kibanaSavedObjectMeta.searchSourceJSON.index\", \"filter\": [{\"$state\": {\"store\": \"appState\"}, \"query\": {\"bool\": {\"minimum_should_match\": 1, \"should\": [{\"match_phrase\": {\"event.code\": \"4734\"}}, {\"match_phrase\": {\"event.code\": \"4730\"}}, {\"match_phrase\": {\"event.code\": \"4758\"}}]}}, \"meta\": {\"negate\": false, \"value\": \"4734, 4730, 4758\", \"indexRefName\": \"kibanaSavedObjectMeta.searchSourceJSON.filter[0].meta.index\", \"params\": [\"4734\", \"4730\", \"4758\"], \"key\": \"event.code\", \"alias\": null, \"disabled\": false, \"type\": \"phrases\"}}], \"query\": {\"query\": \"\", \"language\": \"kuery\"}}"
                },
                "title": "Groups Deleted - Table [Winlogbeat Security]",
                "uiStateJSON": "{\"vis\": {\"params\": {\"sort\": {\"columnIndex\": null, \"direction\": null}}}}",
                "version": 1,
                "visState": "{\"title\": \"Groups Deleted - Table [Winlogbeat Security]\", \"aggs\": [{\"schema\": \"metric\", \"type\": \"count\", \"enabled\": true, \"id\": \"1\", \"params\": {}}, {\"schema\": \"bucket\", \"type\": \"terms\", \"enabled\": true, \"id\": \"2\", \"params\": {\"order\": \"desc\", \"missingBucket\": false, \"size\": 20, \"missingBucketLabel\": \"Missing\", \"field\": \"group.name\", \"orderBy\": \"1\", \"otherBucketLabel\": \"Other\", \"otherBucket\": false, \"customLabel\": \"Group\"}}, {\"schema\": \"bucket\", \"type\": \"terms\", \"enabled\": true, \"id\": \"3\", \"params\": {\"order\": \"desc\", \"missingBucket\": false, \"size\": 5, \"missingBucketLabel\": \"Missing\", \"field\": \"group.domain\", \"orderBy\": \"1\", \"otherBucketLabel\": \"Other\", \"otherBucket\": false, \"customLabel\": \"Domain\"}}, {\"schema\": \"bucket\", \"type\": \"terms\", \"enabled\": true, \"id\": \"4\", \"params\": {\"order\": \"desc\", \"missingBucket\": false, \"size\": 5, \"missingBucketLabel\": \"Missing\", \"field\": \"winlog.event_data.SubjectUserName\", \"orderBy\": \"1\", \"otherBucketLabel\": \"Other\", \"otherBucket\": false, \"customLabel\": \"Performed by\"}}, {\"schema\": \"bucket\", \"type\": \"terms\", \"enabled\": true, \"id\": \"5\", \"params\": {\"order\": \"desc\", \"missingBucket\": false, \"size\": 5, \"missingBucketLabel\": \"Missing\", \"field\": \"winlog.logon.id\", \"orderBy\": \"1\", \"otherBucketLabel\": \"Other\", \"otherBucket\": false, \"customLabel\": \"Performer LogonID\"}}], \"params\": {\"perPage\": 5, \"showTotal\": false, \"sort\": {\"columnIndex\": null, \"direction\": null}, \"showMetricsAtAllLevels\": false, \"totalFunc\": \"sum\", \"dimensions\": {\"buckets\": [{\"aggType\": \"terms\", \"format\": {\"params\": {\"otherBucketLabel\": \"Other\", \"missingBucketLabel\": \"Missing\", \"id\": \"string\"}, \"id\": \"terms\"}, \"params\": {}, \"accessor\": 0}, {\"aggType\": \"terms\", \"format\": {\"params\": {\"otherBucketLabel\": \"Other\", \"missingBucketLabel\": \"Missing\", \"id\": \"string\"}, \"id\": \"terms\"}, \"params\": {}, \"accessor\": 1}, {\"aggType\": \"terms\", \"format\": {\"params\": {\"otherBucketLabel\": \"Other\", \"missingBucketLabel\": \"Missing\", \"id\": \"string\"}, \"id\": \"terms\"}, \"params\": {}, \"accessor\": 2}, {\"aggType\": \"terms\", \"format\": {\"params\": {\"otherBucketLabel\": \"Other\", \"missingBucketLabel\": \"Missing\", \"id\": \"string\"}, \"id\": \"terms\"}, \"params\": {}, \"accessor\": 3}], \"metrics\": [{\"aggType\": \"count\", \"format\": {\"id\": \"number\"}, \"params\": {}, \"accessor\": 4}]}, \"showPartialRows\": false}, \"type\": \"table\"}"
            },
            "id": "bb9cf7a0-f49d-11e9-8405-516218e3d268",
            "migrationVersion": {
                "visualization": "7.4.2"
            },
            "references": [
                {
                    "id": "winlogbeat-*",
                    "name": "kibanaSavedObjectMeta.searchSourceJSON.index",
                    "type": "index-pattern"
                },
                {
                    "id": "winlogbeat-*",
                    "name": "kibanaSavedObjectMeta.searchSourceJSON.filter[0].meta.index",
                    "type": "index-pattern"
                }
            ],
            "type": "visualization",
            "updated_at": "2020-02-04T20:39:00.715Z",
            "version": "WzMxLDFd"
        },
        {
            "attributes": {
                "description": "",
                "kibanaSavedObjectMeta": {
                    "searchSourceJSON": "{\"indexRefName\": \"kibanaSavedObjectMeta.searchSourceJSON.index\", \"filter\": [{\"$state\": {\"store\": \"appState\"}, \"query\": {\"bool\": {\"minimum_should_match\": 1, \"should\": [{\"match_phrase\": {\"event.code\": \"4732\"}}, {\"match_phrase\": {\"event.code\": \"4728\"}}, {\"match_phrase\": {\"event.code\": \"4756\"}}]}}, \"meta\": {\"negate\": false, \"value\": \"4732, 4728, 4756\", \"indexRefName\": \"kibanaSavedObjectMeta.searchSourceJSON.filter[0].meta.index\", \"params\": [\"4732\", \"4728\", \"4756\"], \"key\": \"event.code\", \"alias\": null, \"disabled\": false, \"type\": \"phrases\"}}], \"query\": {\"query\": \"\", \"language\": \"kuery\"}}"
                },
                "title": "Users Added - Table [Winlogbeat Security]",
                "uiStateJSON": "{\"vis\": {\"params\": {\"sort\": {\"columnIndex\": null, \"direction\": null}}}}",
                "version": 1,
                "visState": "{\"title\": \"Users Added - Table [Winlogbeat Security]\", \"aggs\": [{\"schema\": \"metric\", \"type\": \"count\", \"enabled\": true, \"id\": \"1\", \"params\": {}}, {\"schema\": \"bucket\", \"type\": \"terms\", \"enabled\": true, \"id\": \"2\", \"params\": {\"order\": \"desc\", \"missingBucket\": false, \"size\": 5, \"missingBucketLabel\": \"Missing\", \"field\": \"winlog.event_data.MemberName\", \"orderBy\": \"1\", \"otherBucketLabel\": \"Other\", \"otherBucket\": false, \"customLabel\": \"User\"}}, {\"schema\": \"bucket\", \"type\": \"terms\", \"enabled\": true, \"id\": \"3\", \"params\": {\"order\": \"desc\", \"missingBucket\": false, \"size\": 10, \"missingBucketLabel\": \"Missing\", \"field\": \"group.name\", \"orderBy\": \"1\", \"otherBucketLabel\": \"Other\", \"otherBucket\": false, \"customLabel\": \"Group\"}}, {\"schema\": \"bucket\", \"type\": \"terms\", \"enabled\": true, \"id\": \"4\", \"params\": {\"order\": \"desc\", \"missingBucket\": false, \"size\": 5, \"missingBucketLabel\": \"Missing\", \"field\": \"group.domain\", \"orderBy\": \"1\", \"otherBucketLabel\": \"Other\", \"otherBucket\": false, \"customLabel\": \"Domain\"}}, {\"schema\": \"bucket\", \"type\": \"terms\", \"enabled\": true, \"id\": \"5\", \"params\": {\"order\": \"desc\", \"missingBucket\": false, \"size\": 5, \"missingBucketLabel\": \"Missing\", \"field\": \"winlog.event_data.SubjectUserName\", \"orderBy\": \"1\", \"otherBucketLabel\": \"Other\", \"otherBucket\": false, \"customLabel\": \"Performed by\"}}, {\"schema\": \"bucket\", \"type\": \"terms\", \"enabled\": true, \"id\": \"6\", \"params\": {\"order\": \"desc\", \"missingBucket\": false, \"size\": 5, \"missingBucketLabel\": \"Missing\", \"field\": \"winlog.logon.id\", \"orderBy\": \"1\", \"otherBucketLabel\": \"Other\", \"otherBucket\": false, \"customLabel\": \"Performed by Logon ID\"}}], \"params\": {\"perPage\": 5, \"showTotal\": false, \"sort\": {\"columnIndex\": null, \"direction\": null}, \"showMetricsAtAllLevels\": false, \"totalFunc\": \"sum\", \"dimensions\": {\"buckets\": [{\"aggType\": \"terms\", \"format\": {\"params\": {\"otherBucketLabel\": \"Other\", \"missingBucketLabel\": \"Missing\", \"id\": \"string\"}, \"id\": \"terms\"}, \"params\": {}, \"accessor\": 0}, {\"aggType\": \"terms\", \"format\": {\"params\": {\"otherBucketLabel\": \"Other\", \"missingBucketLabel\": \"Missing\", \"id\": \"string\"}, \"id\": \"terms\"}, \"params\": {}, \"accessor\": 1}, {\"aggType\": \"terms\", \"format\": {\"params\": {\"otherBucketLabel\": \"Other\", \"missingBucketLabel\": \"Missing\", \"id\": \"string\"}, \"id\": \"terms\"}, \"params\": {}, \"accessor\": 2}, {\"aggType\": \"terms\", \"format\": {\"params\": {\"otherBucketLabel\": \"Other\", \"missingBucketLabel\": \"Missing\", \"id\": \"string\"}, \"id\": \"terms\"}, \"params\": {}, \"accessor\": 3}, {\"aggType\": \"terms\", \"format\": {\"params\": {\"otherBucketLabel\": \"Other\", \"missingBucketLabel\": \"Missing\", \"id\": \"string\"}, \"id\": \"terms\"}, \"params\": {}, \"accessor\": 4}], \"metrics\": [{\"aggType\": \"count\", \"format\": {\"id\": \"number\"}, \"params\": {}, \"accessor\": 5}]}, \"showPartialRows\": false}, \"type\": \"table\"}"
            },
            "id": "ce867840-f49e-11e9-8405-516218e3d268",
            "migrationVersion": {
                "visualization": "7.4.2"
            },
            "references": [
                {
                    "id": "winlogbeat-*",
                    "name": "kibanaSavedObjectMeta.searchSourceJSON.index",
                    "type": "index-pattern"
                },
                {
                    "id": "winlogbeat-*",
                    "name": "kibanaSavedObjectMeta.searchSourceJSON.filter[0].meta.index",
                    "type": "index-pattern"
                }
            ],
            "type": "visualization",
            "updated_at": "2020-02-04T20:39:00.715Z",
            "version": "WzMyLDFd"
        },
        {
            "attributes": {
                "description": "",
                "kibanaSavedObjectMeta": {
                    "searchSourceJSON": "{\"indexRefName\": \"kibanaSavedObjectMeta.searchSourceJSON.index\", \"filter\": [{\"$state\": {\"store\": \"appState\"}, \"query\": {\"bool\": {\"minimum_should_match\": 1, \"should\": [{\"match_phrase\": {\"event.code\": \"4733\"}}, {\"match_phrase\": {\"event.code\": \"4729\"}}, {\"match_phrase\": {\"event.code\": \"4757\"}}]}}, \"meta\": {\"negate\": false, \"value\": \"4733, 4729, 4757\", \"indexRefName\": \"kibanaSavedObjectMeta.searchSourceJSON.filter[0].meta.index\", \"params\": [\"4733\", \"4729\", \"4757\"], \"key\": \"event.code\", \"alias\": null, \"disabled\": false, \"type\": \"phrases\"}}], \"query\": {\"query\": \"\", \"language\": \"kuery\"}}"
                },
                "title": "Users Removed from Group - Table [Winlogbeat Security]",
                "uiStateJSON": "{\"vis\": {\"params\": {\"sort\": {\"columnIndex\": null, \"direction\": null}}}}",
                "version": 1,
                "visState": "{\"title\": \"Users Removed from Group - Table [Winlogbeat Security]\", \"aggs\": [{\"schema\": \"metric\", \"type\": \"count\", \"enabled\": true, \"id\": \"1\", \"params\": {}}, {\"schema\": \"bucket\", \"type\": \"terms\", \"enabled\": true, \"id\": \"2\", \"params\": {\"order\": \"desc\", \"missingBucket\": false, \"size\": 5, \"missingBucketLabel\": \"Missing\", \"field\": \"winlog.event_data.MemberName\", \"orderBy\": \"1\", \"otherBucketLabel\": \"Other\", \"otherBucket\": false, \"customLabel\": \"User\"}}, {\"schema\": \"bucket\", \"type\": \"terms\", \"enabled\": true, \"id\": \"3\", \"params\": {\"order\": \"desc\", \"missingBucket\": false, \"size\": 10, \"missingBucketLabel\": \"Missing\", \"field\": \"group.name\", \"orderBy\": \"1\", \"otherBucketLabel\": \"Other\", \"otherBucket\": false, \"customLabel\": \"Group\"}}, {\"schema\": \"bucket\", \"type\": \"terms\", \"enabled\": true, \"id\": \"4\", \"params\": {\"order\": \"desc\", \"missingBucket\": false, \"size\": 5, \"missingBucketLabel\": \"Missing\", \"field\": \"group.domain\", \"orderBy\": \"1\", \"otherBucketLabel\": \"Other\", \"otherBucket\": false, \"customLabel\": \"Domain\"}}, {\"schema\": \"bucket\", \"type\": \"terms\", \"enabled\": true, \"id\": \"5\", \"params\": {\"order\": \"desc\", \"missingBucket\": false, \"size\": 5, \"missingBucketLabel\": \"Missing\", \"field\": \"winlog.event_data.SubjectUserName\", \"orderBy\": \"1\", \"otherBucketLabel\": \"Other\", \"otherBucket\": false, \"customLabel\": \"Performed by\"}}, {\"schema\": \"bucket\", \"type\": \"terms\", \"enabled\": true, \"id\": \"6\", \"params\": {\"order\": \"desc\", \"missingBucket\": false, \"size\": 5, \"missingBucketLabel\": \"Missing\", \"field\": \"winlog.logon.id\", \"orderBy\": \"1\", \"otherBucketLabel\": \"Other\", \"otherBucket\": false, \"customLabel\": \"Performed by Logon ID\"}}], \"params\": {\"perPage\": 5, \"showTotal\": false, \"sort\": {\"columnIndex\": null, \"direction\": null}, \"showMetricsAtAllLevels\": false, \"totalFunc\": \"sum\", \"dimensions\": {\"buckets\": [{\"aggType\": \"terms\", \"format\": {\"params\": {\"otherBucketLabel\": \"Other\", \"missingBucketLabel\": \"Missing\", \"id\": \"string\"}, \"id\": \"terms\"}, \"params\": {}, \"accessor\": 0}, {\"aggType\": \"terms\", \"format\": {\"params\": {\"otherBucketLabel\": \"Other\", \"missingBucketLabel\": \"Missing\", \"id\": \"string\"}, \"id\": \"terms\"}, \"params\": {}, \"accessor\": 1}, {\"aggType\": \"terms\", \"format\": {\"params\": {\"otherBucketLabel\": \"Other\", \"missingBucketLabel\": \"Missing\", \"id\": \"string\"}, \"id\": \"terms\"}, \"params\": {}, \"accessor\": 2}, {\"aggType\": \"terms\", \"format\": {\"params\": {\"otherBucketLabel\": \"Other\", \"missingBucketLabel\": \"Missing\", \"id\": \"string\"}, \"id\": \"terms\"}, \"params\": {}, \"accessor\": 3}, {\"aggType\": \"terms\", \"format\": {\"params\": {\"otherBucketLabel\": \"Other\", \"missingBucketLabel\": \"Missing\", \"id\": \"string\"}, \"id\": \"terms\"}, \"params\": {}, \"accessor\": 4}], \"metrics\": [{\"aggType\": \"count\", \"format\": {\"id\": \"number\"}, \"params\": {}, \"accessor\": 5}]}, \"showPartialRows\": false}, \"type\": \"table\"}"
            },
            "id": "fee83900-f49f-11e9-8405-516218e3d268",
            "migrationVersion": {
                "visualization": "7.4.2"
            },
            "references": [
                {
                    "id": "winlogbeat-*",
                    "name": "kibanaSavedObjectMeta.searchSourceJSON.index",
                    "type": "index-pattern"
                },
                {
                    "id": "winlogbeat-*",
                    "name": "kibanaSavedObjectMeta.searchSourceJSON.filter[0].meta.index",
                    "type": "index-pattern"
                }
            ],
            "type": "visualization",
            "updated_at": "2020-02-04T20:39:00.715Z",
            "version": "WzMzLDFd"
        },
        {
            "attributes": {
                "description": "",
                "kibanaSavedObjectMeta": {
                    "searchSourceJSON": "{\"indexRefName\": \"kibanaSavedObjectMeta.searchSourceJSON.index\", \"filter\": [{\"$state\": {\"store\": \"appState\"}, \"query\": {\"bool\": {\"minimum_should_match\": 1, \"should\": [{\"match_phrase\": {\"event.code\": \"4799\"}}]}}, \"meta\": {\"negate\": false, \"value\": \"4799\", \"indexRefName\": \"kibanaSavedObjectMeta.searchSourceJSON.filter[0].meta.index\", \"params\": [\"4799\"], \"key\": \"event.code\", \"alias\": null, \"disabled\": false, \"type\": \"phrases\"}}], \"query\": {\"query\": \"\", \"language\": \"kuery\"}}"
                },
                "title": "Group Enumeration [Winlogbeat Security]",
                "uiStateJSON": "{\"vis\": {\"params\": {\"sort\": {\"columnIndex\": null, \"direction\": null}}}}",
                "version": 1,
                "visState": "{\"title\": \"Group Enumeration [Winlogbeat Security]\", \"aggs\": [{\"schema\": \"metric\", \"type\": \"count\", \"enabled\": true, \"id\": \"1\", \"params\": {}}, {\"schema\": \"bucket\", \"type\": \"terms\", \"enabled\": true, \"id\": \"2\", \"params\": {\"order\": \"desc\", \"missingBucket\": false, \"size\": 20, \"missingBucketLabel\": \"Missing\", \"field\": \"group.name\", \"orderBy\": \"1\", \"otherBucketLabel\": \"Other\", \"otherBucket\": false, \"customLabel\": \"Group\"}}, {\"schema\": \"bucket\", \"type\": \"terms\", \"enabled\": true, \"id\": \"3\", \"params\": {\"order\": \"desc\", \"missingBucket\": false, \"size\": 5, \"missingBucketLabel\": \"Missing\", \"field\": \"group.domain\", \"orderBy\": \"1\", \"otherBucketLabel\": \"Other\", \"otherBucket\": false, \"customLabel\": \"Domain\"}}, {\"schema\": \"bucket\", \"type\": \"terms\", \"enabled\": true, \"id\": \"4\", \"params\": {\"order\": \"desc\", \"missingBucket\": false, \"size\": 5, \"missingBucketLabel\": \"Missing\", \"field\": \"winlog.event_data.SubjectUserName\", \"orderBy\": \"1\", \"otherBucketLabel\": \"Other\", \"otherBucket\": false, \"customLabel\": \"Creator\"}}, {\"schema\": \"bucket\", \"type\": \"terms\", \"enabled\": true, \"id\": \"5\", \"params\": {\"order\": \"desc\", \"missingBucket\": false, \"size\": 5, \"missingBucketLabel\": \"Missing\", \"field\": \"winlog.logon.id\", \"orderBy\": \"1\", \"otherBucketLabel\": \"Other\", \"otherBucket\": false, \"customLabel\": \"Creator LogonID\"}}], \"params\": {\"perPage\": 5, \"showTotal\": false, \"sort\": {\"columnIndex\": null, \"direction\": null}, \"showMetricsAtAllLevels\": false, \"totalFunc\": \"sum\", \"dimensions\": {\"buckets\": [{\"aggType\": \"terms\", \"format\": {\"params\": {\"otherBucketLabel\": \"Other\", \"missingBucketLabel\": \"Missing\", \"id\": \"string\"}, \"id\": \"terms\"}, \"params\": {}, \"accessor\": 0}, {\"aggType\": \"terms\", \"format\": {\"params\": {\"otherBucketLabel\": \"Other\", \"missingBucketLabel\": \"Missing\", \"id\": \"string\"}, \"id\": \"terms\"}, \"params\": {}, \"accessor\": 1}, {\"aggType\": \"terms\", \"format\": {\"params\": {\"otherBucketLabel\": \"Other\", \"missingBucketLabel\": \"Missing\", \"id\": \"string\"}, \"id\": \"terms\"}, \"params\": {}, \"accessor\": 2}, {\"aggType\": \"terms\", \"format\": {\"params\": {\"otherBucketLabel\": \"Other\", \"missingBucketLabel\": \"Missing\", \"id\": \"string\"}, \"id\": \"terms\"}, \"params\": {}, \"accessor\": 3}], \"metrics\": [{\"aggType\": \"count\", \"format\": {\"id\": \"number\"}, \"params\": {}, \"accessor\": 4}]}, \"showPartialRows\": false}, \"type\": \"table\"}"
            },
            "id": "bc165210-f4b8-11e9-8405-516218e3d268",
            "migrationVersion": {
                "visualization": "7.4.2"
            },
            "references": [
                {
                    "id": "winlogbeat-*",
                    "name": "kibanaSavedObjectMeta.searchSourceJSON.index",
                    "type": "index-pattern"
                },
                {
                    "id": "winlogbeat-*",
                    "name": "kibanaSavedObjectMeta.searchSourceJSON.filter[0].meta.index",
                    "type": "index-pattern"
                }
            ],
            "type": "visualization",
            "updated_at": "2020-02-04T20:39:00.715Z",
            "version": "WzM0LDFd"
        },
        {
            "attributes": {
                "columns": [
                    "user.name",
                    "source.domain",
                    "source.ip",
                    "winlog.logon.id",
                    "winlog.logon.type"
                ],
                "description": "",
                "hits": 0,
                "kibanaSavedObjectMeta": {
                    "searchSourceJSON": "{\"highlightAll\": true, \"indexRefName\": \"kibanaSavedObjectMeta.searchSourceJSON.index\", \"filter\": [{\"$state\": {\"store\": \"appState\"}, \"query\": {\"bool\": {\"minimum_should_match\": 1, \"should\": [{\"match_phrase\": {\"event.code\": \"4624\"}}]}}, \"meta\": {\"negate\": false, \"value\": \"4624\", \"indexRefName\": \"kibanaSavedObjectMeta.searchSourceJSON.filter[0].meta.index\", \"params\": [\"4624\"], \"key\": \"event.code\", \"alias\": null, \"disabled\": false, \"type\": \"phrases\"}}], \"query\": {\"query\": \"\", \"language\": \"kuery\"}, \"version\": true}"
                },
                "sort": [
                    [
                        "@timestamp",
                        "desc"
                    ]
                ],
                "title": "Logon Details [Winlogbeat Security]",
                "version": 1
            },
            "id": "7e178c80-fee1-11e9-8405-516218e3d268",
            "migrationVersion": {
                "search": "7.4.0"
            },
            "references": [
                {
                    "id": "winlogbeat-*",
                    "name": "kibanaSavedObjectMeta.searchSourceJSON.index",
                    "type": "index-pattern"
                },
                {
                    "id": "winlogbeat-*",
                    "name": "kibanaSavedObjectMeta.searchSourceJSON.filter[0].meta.index",
                    "type": "index-pattern"
                }
            ],
            "type": "search",
            "updated_at": "2020-02-04T20:39:02.784Z",
            "version": "WzkyLDFd"
        },
        {
            "attributes": {
                "description": "",
                "kibanaSavedObjectMeta": {
                    "searchSourceJSON": "{\"indexRefName\": \"kibanaSavedObjectMeta.searchSourceJSON.index\", \"filter\": [{\"$state\": {\"store\": \"appState\"}, \"query\": {\"bool\": {\"minimum_should_match\": 1, \"should\": [{\"match_phrase\": {\"event.code\": \"4732\"}}, {\"match_phrase\": {\"event.code\": \"4728\"}}, {\"match_phrase\": {\"event.code\": \"4756\"}}]}}, \"meta\": {\"negate\": false, \"value\": \"4732, 4728, 4756\", \"indexRefName\": \"kibanaSavedObjectMeta.searchSourceJSON.filter[0].meta.index\", \"params\": [\"4732\", \"4728\", \"4756\"], \"key\": \"event.code\", \"alias\": null, \"disabled\": false, \"type\": \"phrases\"}}], \"query\": {\"query\": \"\", \"language\": \"lucene\"}}"
                },
                "title": "Users Added - Simple Metric [Winlogbeat Security]",
                "uiStateJSON": "{}",
                "version": 1,
                "visState": "{\"title\": \"Users Added - Simple Metric [Winlogbeat Security]\", \"aggs\": [{\"schema\": \"metric\", \"type\": \"count\", \"enabled\": true, \"id\": \"1\", \"params\": {\"customLabel\": \"Users Added to Groups\"}}], \"params\": {\"addTooltip\": true, \"addLegend\": false, \"metric\": {\"colorSchema\": \"Reds\", \"labels\": {\"show\": true}, \"invertColors\": false, \"metricColorMode\": \"Background\", \"percentageMode\": false, \"style\": {\"bgColor\": true, \"fontSize\": 60, \"labelColor\": false, \"subText\": \"\", \"bgFill\": \"#000\"}, \"colorsRange\": [{\"from\": 0, \"to\": 10000, \"type\": \"range\"}], \"useRanges\": false}, \"dimensions\": {\"metrics\": [{\"format\": {\"params\": {}, \"id\": \"number\"}, \"type\": \"vis_dimension\", \"accessor\": 0}]}, \"type\": \"metric\"}, \"type\": \"metric\"}"
            },
            "id": "a13bf640-fee8-11e9-8405-516218e3d268",
            "migrationVersion": {
                "visualization": "7.4.2"
            },
            "references": [
                {
                    "id": "winlogbeat-*",
                    "name": "kibanaSavedObjectMeta.searchSourceJSON.index",
                    "type": "index-pattern"
                },
                {
                    "id": "winlogbeat-*",
                    "name": "kibanaSavedObjectMeta.searchSourceJSON.filter[0].meta.index",
                    "type": "index-pattern"
                }
            ],
            "type": "visualization",
            "updated_at": "2020-02-04T20:39:00.715Z",
            "version": "WzM2LDFd"
        },
        {
            "attributes": {
                "description": "",
                "kibanaSavedObjectMeta": {
                    "searchSourceJSON": "{\"indexRefName\": \"kibanaSavedObjectMeta.searchSourceJSON.index\", \"filter\": [{\"$state\": {\"store\": \"appState\"}, \"query\": {\"bool\": {\"minimum_should_match\": 1, \"should\": [{\"match_phrase\": {\"event.code\": \"4734\"}}, {\"match_phrase\": {\"event.code\": \"4730\"}}, {\"match_phrase\": {\"event.code\": \"4758\"}}]}}, \"meta\": {\"negate\": false, \"value\": \"4734, 4730, 4758\", \"indexRefName\": \"kibanaSavedObjectMeta.searchSourceJSON.filter[0].meta.index\", \"params\": [\"4734\", \"4730\", \"4758\"], \"key\": \"event.code\", \"alias\": null, \"disabled\": false, \"type\": \"phrases\"}}], \"query\": {\"query\": \"\", \"language\": \"lucene\"}}"
                },
                "title": "Groups Deleted- Simple Metric [Winlogbeat Security]",
                "uiStateJSON": "{}",
                "version": 1,
                "visState": "{\"title\": \"Groups Deleted- Simple Metric [Winlogbeat Security]\", \"aggs\": [{\"schema\": \"metric\", \"type\": \"count\", \"enabled\": true, \"id\": \"1\", \"params\": {\"customLabel\": \"Groups Deleted\"}}], \"params\": {\"addTooltip\": true, \"addLegend\": false, \"metric\": {\"colorSchema\": \"Greens\", \"labels\": {\"show\": true}, \"invertColors\": false, \"metricColorMode\": \"Background\", \"percentageMode\": false, \"style\": {\"bgColor\": true, \"fontSize\": 60, \"labelColor\": false, \"subText\": \"\", \"bgFill\": \"#000\"}, \"colorsRange\": [{\"from\": 0, \"to\": 10000, \"type\": \"range\"}], \"useRanges\": false}, \"dimensions\": {\"metrics\": [{\"format\": {\"params\": {}, \"id\": \"number\"}, \"type\": \"vis_dimension\", \"accessor\": 0}]}, \"type\": \"metric\"}, \"type\": \"metric\"}"
            },
            "id": "5eeaafd0-fee7-11e9-8405-516218e3d268",
            "migrationVersion": {
                "visualization": "7.4.2"
            },
            "references": [
                {
                    "id": "winlogbeat-*",
                    "name": "kibanaSavedObjectMeta.searchSourceJSON.index",
                    "type": "index-pattern"
                },
                {
                    "id": "winlogbeat-*",
                    "name": "kibanaSavedObjectMeta.searchSourceJSON.filter[0].meta.index",
                    "type": "index-pattern"
                }
            ],
            "type": "visualization",
            "updated_at": "2020-02-04T20:39:00.715Z",
            "version": "WzM3LDFd"
        },
        {
            "attributes": {
                "description": "",
                "kibanaSavedObjectMeta": {
                    "searchSourceJSON": "{\"indexRefName\": \"kibanaSavedObjectMeta.searchSourceJSON.index\", \"filter\": [{\"$state\": {\"store\": \"appState\"}, \"query\": {\"bool\": {\"minimum_should_match\": 1, \"should\": [{\"match_phrase\": {\"event.code\": \"4731\"}}, {\"match_phrase\": {\"event.code\": \"4727\"}}, {\"match_phrase\": {\"event.code\": \"4754\"}}]}}, \"meta\": {\"negate\": false, \"value\": \"4731, 4727, 4754\", \"indexRefName\": \"kibanaSavedObjectMeta.searchSourceJSON.filter[0].meta.index\", \"params\": [\"4731\", \"4727\", \"4754\"], \"key\": \"event.code\", \"alias\": null, \"disabled\": false, \"type\": \"phrases\"}}], \"query\": {\"query\": \"\", \"language\": \"lucene\"}}"
                },
                "title": "Groups Created - Simple Metric [Winlogbeat Security]",
                "uiStateJSON": "{}",
                "version": 1,
                "visState": "{\"title\": \"Groups Created - Simple Metric [Winlogbeat Security]\", \"aggs\": [{\"schema\": \"metric\", \"type\": \"count\", \"enabled\": true, \"id\": \"1\", \"params\": {\"customLabel\": \"Groups Created\"}}], \"params\": {\"addTooltip\": true, \"addLegend\": false, \"metric\": {\"colorSchema\": \"Reds\", \"labels\": {\"show\": true}, \"invertColors\": false, \"metricColorMode\": \"Background\", \"percentageMode\": false, \"style\": {\"bgColor\": true, \"fontSize\": 60, \"labelColor\": false, \"subText\": \"\", \"bgFill\": \"#000\"}, \"colorsRange\": [{\"from\": 0, \"to\": 10000, \"type\": \"range\"}], \"useRanges\": false}, \"dimensions\": {\"metrics\": [{\"format\": {\"params\": {}, \"id\": \"number\"}, \"type\": \"vis_dimension\", \"accessor\": 0}]}, \"type\": \"metric\"}, \"type\": \"metric\"}"
            },
            "id": "f42f3b20-fee6-11e9-8405-516218e3d268",
            "migrationVersion": {
                "visualization": "7.4.2"
            },
            "references": [
                {
                    "id": "winlogbeat-*",
                    "name": "kibanaSavedObjectMeta.searchSourceJSON.index",
                    "type": "index-pattern"
                },
                {
                    "id": "winlogbeat-*",
                    "name": "kibanaSavedObjectMeta.searchSourceJSON.filter[0].meta.index",
                    "type": "index-pattern"
                }
            ],
            "type": "visualization",
            "updated_at": "2020-02-04T20:39:00.715Z",
            "version": "WzM4LDFd"
        },
        {
            "attributes": {
                "description": "",
                "kibanaSavedObjectMeta": {
                    "searchSourceJSON": "{\"indexRefName\": \"kibanaSavedObjectMeta.searchSourceJSON.index\", \"filter\": [{\"$state\": {\"store\": \"appState\"}, \"query\": {\"bool\": {\"minimum_should_match\": 1, \"should\": [{\"match_phrase\": {\"event.code\": \"4735\"}}, {\"match_phrase\": {\"event.code\": \"4737\"}}, {\"match_phrase\": {\"event.code\": \"4755\"}}, {\"match_phrase\": {\"event.code\": \"4764\"}}]}}, \"meta\": {\"negate\": false, \"value\": \"4735, 4737, 4755, 4764\", \"indexRefName\": \"kibanaSavedObjectMeta.searchSourceJSON.filter[0].meta.index\", \"params\": [\"4735\", \"4737\", \"4755\", \"4764\"], \"key\": \"event.code\", \"alias\": null, \"disabled\": false, \"type\": \"phrases\"}}], \"query\": {\"query\": \"\", \"language\": \"lucene\"}}"
                },
                "title": "Groups Changes - Simple Metric [Winlogbeat Security]",
                "uiStateJSON": "{}",
                "version": 1,
                "visState": "{\"title\": \"Groups Changes - Simple Metric [Winlogbeat Security]\", \"aggs\": [{\"schema\": \"metric\", \"type\": \"count\", \"enabled\": true, \"id\": \"1\", \"params\": {\"customLabel\": \"Groups Changed\"}}], \"params\": {\"addTooltip\": true, \"addLegend\": false, \"metric\": {\"colorSchema\": \"Greys\", \"labels\": {\"show\": true}, \"invertColors\": false, \"metricColorMode\": \"Background\", \"percentageMode\": false, \"style\": {\"bgColor\": true, \"fontSize\": 60, \"labelColor\": false, \"subText\": \"\", \"bgFill\": \"#000\"}, \"colorsRange\": [{\"from\": 0, \"to\": 10000, \"type\": \"range\"}], \"useRanges\": false}, \"dimensions\": {\"metrics\": [{\"format\": {\"params\": {}, \"id\": \"number\"}, \"type\": \"vis_dimension\", \"accessor\": 0}]}, \"type\": \"metric\"}, \"type\": \"metric\"}"
            },
            "id": "b5f38780-fee6-11e9-8405-516218e3d268",
            "migrationVersion": {
                "visualization": "7.4.2"
            },
            "references": [
                {
                    "id": "winlogbeat-*",
                    "name": "kibanaSavedObjectMeta.searchSourceJSON.index",
                    "type": "index-pattern"
                },
                {
                    "id": "winlogbeat-*",
                    "name": "kibanaSavedObjectMeta.searchSourceJSON.filter[0].meta.index",
                    "type": "index-pattern"
                }
            ],
            "type": "visualization",
            "updated_at": "2020-02-04T20:39:00.715Z",
            "version": "WzM5LDFd"
        },
        {
            "attributes": {
                "description": "",
                "kibanaSavedObjectMeta": {
                    "searchSourceJSON": "{\"indexRefName\": \"kibanaSavedObjectMeta.searchSourceJSON.index\", \"filter\": [{\"$state\": {\"store\": \"appState\"}, \"query\": {\"bool\": {\"minimum_should_match\": 1, \"should\": [{\"match_phrase\": {\"event.code\": \"4733\"}}, {\"match_phrase\": {\"event.code\": \"4727\"}}, {\"match_phrase\": {\"event.code\": \"4729\"}}]}}, \"meta\": {\"negate\": false, \"value\": \"4733, 4727, 4729\", \"indexRefName\": \"kibanaSavedObjectMeta.searchSourceJSON.filter[0].meta.index\", \"params\": [\"4733\", \"4727\", \"4729\"], \"key\": \"event.code\", \"alias\": null, \"disabled\": false, \"type\": \"phrases\"}}], \"query\": {\"query\": \"\", \"language\": \"lucene\"}}"
                },
                "title": "Users Removed from Group  - Simple Metric [Winlogbeat Security]",
                "uiStateJSON": "{}",
                "version": 1,
                "visState": "{\"title\": \"Users Removed from Group  - Simple Metric [Winlogbeat Security]\", \"aggs\": [{\"schema\": \"metric\", \"type\": \"count\", \"enabled\": true, \"id\": \"1\", \"params\": {\"customLabel\": \"Users Removed from  Groups\"}}], \"params\": {\"addTooltip\": true, \"addLegend\": false, \"metric\": {\"colorSchema\": \"Greens\", \"labels\": {\"show\": true}, \"invertColors\": false, \"metricColorMode\": \"Background\", \"percentageMode\": false, \"style\": {\"bgColor\": true, \"fontSize\": 60, \"labelColor\": false, \"subText\": \"\", \"bgFill\": \"#000\"}, \"colorsRange\": [{\"from\": 0, \"to\": 10000, \"type\": \"range\"}], \"useRanges\": false}, \"dimensions\": {\"metrics\": [{\"format\": {\"params\": {}, \"id\": \"number\"}, \"type\": \"vis_dimension\", \"accessor\": 0}]}, \"type\": \"metric\"}, \"type\": \"metric\"}"
            },
            "id": "1b5f17d0-feea-11e9-8405-516218e3d268",
            "migrationVersion": {
                "visualization": "7.4.2"
            },
            "references": [
                {
                    "id": "winlogbeat-*",
                    "name": "kibanaSavedObjectMeta.searchSourceJSON.index",
                    "type": "index-pattern"
                },
                {
                    "id": "winlogbeat-*",
                    "name": "kibanaSavedObjectMeta.searchSourceJSON.filter[0].meta.index",
                    "type": "index-pattern"
                }
            ],
            "type": "visualization",
            "updated_at": "2020-02-04T20:39:00.715Z",
            "version": "WzQwLDFd"
        },
        {
            "attributes": {
                "description": "",
                "kibanaSavedObjectMeta": {
                    "searchSourceJSON": "{\"indexRefName\": \"kibanaSavedObjectMeta.searchSourceJSON.index\", \"filter\": [{\"$state\": {\"store\": \"appState\"}, \"query\": {\"match\": {\"event.code\": {\"type\": \"phrase\", \"query\": \"4799\"}}}, \"meta\": {\"negate\": false, \"value\": \"4799\", \"indexRefName\": \"kibanaSavedObjectMeta.searchSourceJSON.filter[0].meta.index\", \"params\": {\"query\": \"4799\"}, \"key\": \"event.code\", \"alias\": null, \"disabled\": false, \"type\": \"phrase\"}}], \"query\": {\"query\": \"\", \"language\": \"lucene\"}}"
                },
                "title": "Group Membership Enumeration  - Simple Metric [Winlogbeat Security]",
                "uiStateJSON": "{}",
                "version": 1,
                "visState": "{\"title\": \"Group Membership Enumeration  - Simple Metric [Winlogbeat Security]\", \"aggs\": [{\"schema\": \"metric\", \"type\": \"count\", \"enabled\": true, \"id\": \"1\", \"params\": {\"customLabel\": \"Group Membership Enumerated\"}}], \"params\": {\"addTooltip\": true, \"addLegend\": false, \"metric\": {\"colorSchema\": \"Blues\", \"labels\": {\"show\": true}, \"invertColors\": true, \"metricColorMode\": \"Background\", \"percentageMode\": false, \"style\": {\"bgColor\": true, \"fontSize\": 60, \"labelColor\": false, \"subText\": \"\", \"bgFill\": \"#000\"}, \"colorsRange\": [{\"from\": 0, \"to\": 10000, \"type\": \"range\"}], \"useRanges\": false}, \"dimensions\": {\"metrics\": [{\"format\": {\"params\": {}, \"id\": \"number\"}, \"type\": \"vis_dimension\", \"accessor\": 0}]}, \"type\": \"metric\"}, \"type\": \"metric\"}"
            },
            "id": "0f2f5280-feeb-11e9-8405-516218e3d268",
            "migrationVersion": {
                "visualization": "7.4.2"
            },
            "references": [
                {
                    "id": "winlogbeat-*",
                    "name": "kibanaSavedObjectMeta.searchSourceJSON.index",
                    "type": "index-pattern"
                },
                {
                    "id": "winlogbeat-*",
                    "name": "kibanaSavedObjectMeta.searchSourceJSON.filter[0].meta.index",
                    "type": "index-pattern"
                }
            ],
            "type": "visualization",
            "updated_at": "2020-02-04T20:39:00.715Z",
            "version": "WzQxLDFd"
        },
        {
            "attributes": {
                "description": "",
                "kibanaSavedObjectMeta": {
                    "searchSourceJSON": "{\"indexRefName\": \"kibanaSavedObjectMeta.searchSourceJSON.index\", \"filter\": [{\"$state\": {\"store\": \"appState\"}, \"query\": {\"bool\": {\"minimum_should_match\": 1, \"should\": [{\"match_phrase\": {\"event.code\": \"4731\"}}, {\"match_phrase\": {\"event.code\": \"4732\"}}, {\"match_phrase\": {\"event.code\": \"4733\"}}, {\"match_phrase\": {\"event.code\": \"4734\"}}, {\"match_phrase\": {\"event.code\": \"4735\"}}, {\"match_phrase\": {\"event.code\": \"4737\"}}, {\"match_phrase\": {\"event.code\": \"4764\"}}, {\"match_phrase\": {\"event.code\": \"4799\"}}, {\"match_phrase\": {\"event.code\": \"4727\"}}, {\"match_phrase\": {\"event.code\": \"4728\"}}, {\"match_phrase\": {\"event.code\": \"4729\"}}, {\"match_phrase\": {\"event.code\": \"4730\"}}, {\"match_phrase\": {\"event.code\": \"4754\"}}, {\"match_phrase\": {\"event.code\": \"4755\"}}, {\"match_phrase\": {\"event.code\": \"4756\"}}, {\"match_phrase\": {\"event.code\": \"4757\"}}, {\"match_phrase\": {\"event.code\": \"4758\"}}]}}, \"meta\": {\"negate\": false, \"value\": \"4731, 4732, 4733, 4734, 4735, 4737, 4764, 4799, 4727, 4728, 4729, 4730, 4754, 4755, 4756, 4757, 4758\", \"indexRefName\": \"kibanaSavedObjectMeta.searchSourceJSON.filter[0].meta.index\", \"params\": [\"4731\", \"4732\", \"4733\", \"4734\", \"4735\", \"4737\", \"4764\", \"4799\", \"4727\", \"4728\", \"4729\", \"4730\", \"4754\", \"4755\", \"4756\", \"4757\", \"4758\"], \"key\": \"event.code\", \"alias\": null, \"disabled\": false, \"type\": \"phrases\"}}], \"query\": {\"query\": \"\", \"language\": \"lucene\"}}"
                },
                "title": "Group Management Action Distribution over Time [Winlogbeat Security]",
                "uiStateJSON": "{}",
                "version": 1,
                "visState": "{\"title\": \"Group Management Action Distribution over Time [Winlogbeat Security]\", \"aggs\": [{\"schema\": \"metric\", \"type\": \"count\", \"enabled\": true, \"id\": \"1\", \"params\": {}}, {\"schema\": \"segment\", \"type\": \"date_histogram\", \"enabled\": true, \"id\": \"2\", \"params\": {\"extended_bounds\": {}, \"min_doc_count\": 1, \"field\": \"@timestamp\", \"useNormalizedEsInterval\": true, \"drop_partials\": false, \"timeRange\": {\"from\": \"now-30d\", \"to\": \"now\"}, \"interval\": \"auto\"}}, {\"schema\": \"group\", \"type\": \"terms\", \"enabled\": true, \"id\": \"3\", \"params\": {\"order\": \"desc\", \"missingBucket\": false, \"size\": 5, \"missingBucketLabel\": \"Missing\", \"field\": \"event.action\", \"orderBy\": \"1\", \"otherBucketLabel\": \"Other\", \"otherBucket\": false}}], \"params\": {\"labels\": {\"show\": true}, \"dimensions\": {\"series\": [{\"aggType\": \"terms\", \"format\": {\"params\": {\"otherBucketLabel\": \"Other\", \"missingBucketLabel\": \"Missing\", \"id\": \"string\"}, \"id\": \"terms\"}, \"params\": {}, \"accessor\": 1}, {\"aggType\": \"terms\", \"format\": {\"params\": {\"otherBucketLabel\": \"Other\", \"missingBucketLabel\": \"Missing\", \"id\": \"string\"}, \"id\": \"terms\"}, \"params\": {}, \"accessor\": 2}], \"y\": [{\"aggType\": \"count\", \"format\": {\"id\": \"number\"}, \"params\": {}, \"accessor\": 3}], \"x\": {\"aggType\": \"date_histogram\", \"format\": {\"params\": {\"pattern\": \"YYYY-MM-DD HH:mm\"}, \"id\": \"date\"}, \"params\": {\"bounds\": {\"max\": \"2019-11-04T10:56:42.142Z\", \"min\": \"2019-10-05T09:56:42.142Z\"}, \"date\": true, \"format\": \"YYYY-MM-DD HH:mm\", \"interval\": \"PT12H\"}, \"accessor\": 0}}, \"addLegend\": true, \"legendPosition\": \"bottom\", \"valueAxes\": [{\"labels\": {\"show\": true, \"filter\": false, \"rotate\": 0, \"truncate\": 100}, \"show\": true, \"type\": \"value\", \"id\": \"ValueAxis-1\", \"position\": \"left\", \"title\": {\"text\": \"Count\"}, \"style\": {}, \"scale\": {\"mode\": \"normal\", \"type\": \"linear\"}, \"name\": \"LeftAxis-1\"}], \"grid\": {\"categoryLines\": false}, \"addTimeMarker\": false, \"categoryAxes\": [{\"labels\": {\"show\": true, \"filter\": true, \"truncate\": 100}, \"show\": true, \"type\": \"category\", \"id\": \"CategoryAxis-1\", \"position\": \"bottom\", \"title\": {}, \"style\": {}, \"scale\": {\"type\": \"linear\"}}], \"times\": [], \"type\": \"histogram\", \"addTooltip\": true, \"seriesParams\": [{\"show\": \"true\", \"mode\": \"stacked\", \"type\": \"histogram\", \"drawLinesBetweenPoints\": true, \"showCircles\": true, \"data\": {\"label\": \"Count\", \"id\": \"1\"}, \"valueAxis\": \"ValueAxis-1\"}]}, \"type\": \"histogram\"}"
            },
            "id": "24954800-fef0-11e9-8405-516218e3d268",
            "migrationVersion": {
                "visualization": "7.4.2"
            },
            "references": [
                {
                    "id": "winlogbeat-*",
                    "name": "kibanaSavedObjectMeta.searchSourceJSON.index",
                    "type": "index-pattern"
                },
                {
                    "id": "winlogbeat-*",
                    "name": "kibanaSavedObjectMeta.searchSourceJSON.filter[0].meta.index",
                    "type": "index-pattern"
                }
            ],
            "type": "visualization",
            "updated_at": "2020-02-04T20:39:00.715Z",
            "version": "WzQyLDFd"
        },
        {
            "attributes": {
                "columns": [
                    "event.action",
                    "group.name",
                    "group.domain",
                    "winlog.event_data.SubjectUserName",
                    "user.domain",
                    "host.name"
                ],
                "description": "",
                "hits": 0,
                "kibanaSavedObjectMeta": {
                    "searchSourceJSON": "{\"highlightAll\": true, \"indexRefName\": \"kibanaSavedObjectMeta.searchSourceJSON.index\", \"filter\": [{\"$state\": {\"store\": \"appState\"}, \"query\": {\"bool\": {\"minimum_should_match\": 1, \"should\": [{\"match_phrase\": {\"event.code\": \"4731\"}}, {\"match_phrase\": {\"event.code\": \"4732\"}}, {\"match_phrase\": {\"event.code\": \"4733\"}}, {\"match_phrase\": {\"event.code\": \"4734\"}}, {\"match_phrase\": {\"event.code\": \"4735\"}}, {\"match_phrase\": {\"event.code\": \"4737\"}}, {\"match_phrase\": {\"event.code\": \"4764\"}}, {\"match_phrase\": {\"event.code\": \"4799\"}}, {\"match_phrase\": {\"event.code\": \"4727\"}}, {\"match_phrase\": {\"event.code\": \"4728\"}}, {\"match_phrase\": {\"event.code\": \"4729\"}}, {\"match_phrase\": {\"event.code\": \"4730\"}}, {\"match_phrase\": {\"event.code\": \"4754\"}}, {\"match_phrase\": {\"event.code\": \"4755\"}}, {\"match_phrase\": {\"event.code\": \"4756\"}}, {\"match_phrase\": {\"event.code\": \"4757\"}}, {\"match_phrase\": {\"event.code\": \"4758\"}}]}}, \"meta\": {\"negate\": false, \"value\": \"4731, 4732, 4733, 4734, 4735, 4737, 4764, 4799, 4727, 4728, 4729, 4730, 4754, 4755, 4756, 4757, 4758\", \"indexRefName\": \"kibanaSavedObjectMeta.searchSourceJSON.filter[0].meta.index\", \"params\": [\"4731\", \"4732\", \"4733\", \"4734\", \"4735\", \"4737\", \"4764\", \"4799\", \"4727\", \"4728\", \"4729\", \"4730\", \"4754\", \"4755\", \"4756\", \"4757\", \"4758\"], \"key\": \"event.code\", \"alias\": null, \"disabled\": false, \"type\": \"phrases\"}}], \"query\": {\"query\": \"\", \"language\": \"lucene\"}, \"version\": true}"
                },
                "sort": [
                    [
                        "@timestamp",
                        "desc"
                    ]
                ],
                "title": "Group Management Details - Search View [Winlogbeat Security]",
                "version": 1
            },
            "id": "9066d5b0-fef2-11e9-8405-516218e3d268",
            "migrationVersion": {
                "search": "7.4.0"
            },
            "references": [
                {
                    "id": "winlogbeat-*",
                    "name": "kibanaSavedObjectMeta.searchSourceJSON.index",
                    "type": "index-pattern"
                },
                {
                    "id": "winlogbeat-*",
                    "name": "kibanaSavedObjectMeta.searchSourceJSON.filter[0].meta.index",
                    "type": "index-pattern"
                }
            ],
            "type": "search",
            "updated_at": "2020-02-04T20:39:00.715Z",
            "version": "WzQzLDFd"
        }
    ],
    "version": "7.5.2"
}