{
    "objects": [
        {
            "attributes": {
                "description": "Uses Simple Metric Visualizations",
                "hits": 0,
                "kibanaSavedObjectMeta": {
                    "searchSourceJSON": "{\"filter\": [], \"query\": {\"query\": \"\", \"language\": \"kuery\"}}"
                },
                "optionsJSON": "{\"useMargins\": true, \"hidePanelTitles\": false}",
                "panelsJSON": "[{\"panelIndex\": \"1\", \"version\": \"7.3.0\", \"title\": \"\", \"gridData\": {\"h\": 19, \"w\": 17, \"y\": 0, \"i\": \"1\", \"x\": 0}, \"panelRefName\": \"panel_0\", \"embeddableConfig\": {}}, {\"panelIndex\": \"2\", \"version\": \"7.3.0\", \"title\": \"User Management Actions [Winlogbeat Security]\", \"gridData\": {\"h\": 19, \"w\": 18, \"y\": 0, \"i\": \"2\", \"x\": 17}, \"panelRefName\": \"panel_1\", \"embeddableConfig\": {\"vis\": {\"legendOpen\": false}}}, {\"panelIndex\": \"3\", \"version\": \"7.3.0\", \"title\": \"Created Users [Winlogbeat Security]\", \"gridData\": {\"h\": 16, \"w\": 9, \"y\": 44, \"i\": \"3\", \"x\": 0}, \"panelRefName\": \"panel_2\", \"embeddableConfig\": {}}, {\"panelIndex\": \"4\", \"version\": \"7.3.0\", \"title\": \"Event Codes [Winlogbeat Security]\", \"gridData\": {\"h\": 19, \"w\": 13, \"y\": 0, \"i\": \"4\", \"x\": 35}, \"panelRefName\": \"panel_3\", \"embeddableConfig\": {}}, {\"panelIndex\": \"5\", \"version\": \"7.3.0\", \"title\": \"Enabled Users [Winlogbeat Security]\", \"gridData\": {\"h\": 16, \"w\": 9, \"y\": 44, \"i\": \"5\", \"x\": 9}, \"panelRefName\": \"panel_4\", \"embeddableConfig\": {}}, {\"panelIndex\": \"6\", \"version\": \"7.3.0\", \"title\": \"Disabled Users [Winlogbeat Security]\", \"gridData\": {\"h\": 16, \"w\": 9, \"y\": 66, \"i\": \"6\", \"x\": 0}, \"panelRefName\": \"panel_5\", \"embeddableConfig\": {}}, {\"panelIndex\": \"7\", \"version\": \"7.3.0\", \"title\": \"Deleted Users [Winlogbeat Security]\", \"gridData\": {\"h\": 16, \"w\": 9, \"y\": 44, \"i\": \"7\", \"x\": 18}, \"panelRefName\": \"panel_6\", \"embeddableConfig\": {}}, {\"panelIndex\": \"8\", \"version\": \"7.3.0\", \"title\": \"Actions performed over Users [Winlogbeat Security]\", \"gridData\": {\"h\": 20, \"w\": 48, \"y\": 19, \"i\": \"8\", \"x\": 0}, \"panelRefName\": \"panel_7\", \"embeddableConfig\": {\"vis\": {\"defaultColors\": {\"4 - 8\": \"rgb(199,233,192)\", \"8 - 12\": \"rgb(116,196,118)\", \"0 - 4\": \"rgb(247,252,245)\", \"12 - 16\": \"rgb(35,139,69)\"}, \"legendOpen\": false}}}, {\"panelIndex\": \"9\", \"version\": \"7.3.0\", \"title\": \"Passwords Changes [Winlogbeat Security]\", \"gridData\": {\"h\": 16, \"w\": 9, \"y\": 66, \"i\": \"9\", \"x\": 18}, \"panelRefName\": \"panel_8\", \"embeddableConfig\": {}}, {\"panelIndex\": \"10\", \"version\": \"7.3.0\", \"title\": \"\", \"gridData\": {\"h\": 5, \"w\": 9, \"y\": 39, \"i\": \"10\", \"x\": 0}, \"panelRefName\": \"panel_9\", \"embeddableConfig\": {}}, {\"panelIndex\": \"11\", \"version\": \"7.3.0\", \"title\": \"\", \"gridData\": {\"h\": 5, \"w\": 9, \"y\": 39, \"i\": \"11\", \"x\": 9}, \"panelRefName\": \"panel_10\", \"embeddableConfig\": {}}, {\"panelIndex\": \"12\", \"version\": \"7.3.0\", \"title\": \"\", \"gridData\": {\"h\": 5, \"w\": 9, \"y\": 39, \"i\": \"12\", \"x\": 18}, \"panelRefName\": \"panel_11\", \"embeddableConfig\": {}}, {\"panelIndex\": \"13\", \"version\": \"7.3.0\", \"title\": \"\", \"gridData\": {\"h\": 6, \"w\": 9, \"y\": 60, \"i\": \"13\", \"x\": 0}, \"panelRefName\": \"panel_12\", \"embeddableConfig\": {}}, {\"panelIndex\": \"14\", \"version\": \"7.3.0\", \"title\": \"\", \"gridData\": {\"h\": 6, \"w\": 9, \"y\": 60, \"i\": \"14\", \"x\": 18}, \"panelRefName\": \"panel_13\", \"embeddableConfig\": {}}, {\"panelIndex\": \"15\", \"version\": \"7.3.0\", \"title\": \"Unlocked Users [Winlogbeat Security]\", \"gridData\": {\"h\": 16, \"w\": 9, \"y\": 66, \"i\": \"15\", \"x\": 9}, \"panelRefName\": \"panel_14\", \"embeddableConfig\": {}}, {\"panelIndex\": \"16\", \"version\": \"7.3.0\", \"title\": \"Users Changes [Winlogbeat Security]\", \"gridData\": {\"h\": 16, \"w\": 9, \"y\": 88, \"i\": \"16\", \"x\": 18}, \"panelRefName\": \"panel_15\", \"embeddableConfig\": {}}, {\"panelIndex\": \"17\", \"version\": \"7.3.0\", \"title\": \"\", \"gridData\": {\"h\": 6, \"w\": 9, \"y\": 82, \"i\": \"17\", \"x\": 0}, \"panelRefName\": \"panel_16\", \"embeddableConfig\": {}}, {\"panelIndex\": \"18\", \"version\": \"7.3.0\", \"title\": \"\", \"gridData\": {\"h\": 6, \"w\": 9, \"y\": 60, \"i\": \"18\", \"x\": 9}, \"panelRefName\": \"panel_17\", \"embeddableConfig\": {}}, {\"panelIndex\": \"19\", \"version\": \"7.3.0\", \"title\": \"\", \"gridData\": {\"h\": 6, \"w\": 9, \"y\": 82, \"i\": \"19\", \"x\": 18}, \"panelRefName\": \"panel_18\", \"embeddableConfig\": {}}, {\"panelIndex\": \"20\", \"version\": \"7.3.0\", \"title\": \"Locked-out Users [Winlogbeat Security]\", \"gridData\": {\"h\": 16, \"w\": 9, \"y\": 88, \"i\": \"20\", \"x\": 0}, \"panelRefName\": \"panel_19\", \"embeddableConfig\": {}}, {\"panelIndex\": \"21\", \"version\": \"7.3.0\", \"title\": \"User Management Actions Distributions over Time [Winlogbeat Security]\", \"gridData\": {\"h\": 27, \"w\": 20, \"y\": 39, \"i\": \"21\", \"x\": 27}, \"panelRefName\": \"panel_20\", \"embeddableConfig\": {}}, {\"gridData\": {\"h\": 38, \"w\": 21, \"y\": 66, \"i\": \"22\", \"x\": 27}, \"version\": \"7.3.1\", \"panelRefName\": \"panel_21\", \"panelIndex\": \"22\", \"embeddableConfig\": {}}, {\"gridData\": {\"h\": 19, \"w\": 48, \"y\": 104, \"i\": \"23\", \"x\": 0}, \"version\": \"7.3.1\", \"panelRefName\": \"panel_22\", \"panelIndex\": \"23\", \"embeddableConfig\": {}}, {\"panelIndex\": \"24\", \"version\": \"7.3.1\", \"title\": \"\", \"gridData\": {\"h\": 6, \"w\": 9, \"y\": 82, \"i\": \"24\", \"x\": 9}, \"panelRefName\": \"panel_23\", \"embeddableConfig\": {}}, {\"gridData\": {\"h\": 16, \"w\": 9, \"y\": 88, \"i\": \"25\", \"x\": 9}, \"version\": \"7.3.1\", \"panelRefName\": \"panel_24\", \"panelIndex\": \"25\", \"embeddableConfig\": {}}]",
                "timeRestore": false,
                "title": "[Winlogbeat Security] User Management Events - Simple Metric",
                "version": 1
            },
            "id": "8223bed0-b9e9-11e9-b6a2-c9b4015c4baf",
            "migrationVersion": {
                "dashboard": "7.3.0"
            },
            "references": [
                {
                    "id": "2dc6b820-b9e8-11e9-b6a2-c9b4015c4baf",
                    "name": "panel_0",
                    "type": "visualization"
                },
                {
                    "id": "833e0110-b9ec-11e9-b6a2-c9b4015c4baf",
                    "name": "panel_1",
                    "type": "visualization"
                },
                {
                    "id": "5e7f0ed0-bcd2-11e9-b6a2-c9b4015c4baf",
                    "name": "panel_2",
                    "type": "visualization"
                },
                {
                    "id": "b2cecf10-bcd3-11e9-b6a2-c9b4015c4baf",
                    "name": "panel_3",
                    "type": "visualization"
                },
                {
                    "id": "0620c3d0-bcd4-11e9-b6a2-c9b4015c4baf",
                    "name": "panel_4",
                    "type": "visualization"
                },
                {
                    "id": "8f20c950-bcd4-11e9-b6a2-c9b4015c4baf",
                    "name": "panel_5",
                    "type": "visualization"
                },
                {
                    "id": "ee0319a0-bcd4-11e9-b6a2-c9b4015c4baf",
                    "name": "panel_6",
                    "type": "visualization"
                },
                {
                    "id": "dce77e60-bcd7-11e9-b6a2-c9b4015c4baf",
                    "name": "panel_7",
                    "type": "visualization"
                },
                {
                    "id": "da5ffe40-bcd9-11e9-b6a2-c9b4015c4baf",
                    "name": "panel_8",
                    "type": "visualization"
                },
                {
                    "id": "102efd20-bcdd-11e9-b6a2-c9b4015c4baf",
                    "name": "panel_9",
                    "type": "visualization"
                },
                {
                    "id": "855957d0-bcdd-11e9-b6a2-c9b4015c4baf",
                    "name": "panel_10",
                    "type": "visualization"
                },
                {
                    "id": "c359b020-bcdd-11e9-b6a2-c9b4015c4baf",
                    "name": "panel_11",
                    "type": "visualization"
                },
                {
                    "id": "0cb2d940-bcde-11e9-b6a2-c9b4015c4baf",
                    "name": "panel_12",
                    "type": "visualization"
                },
                {
                    "id": "568a8130-bcde-11e9-b6a2-c9b4015c4baf",
                    "name": "panel_13",
                    "type": "visualization"
                },
                {
                    "id": "da2110c0-bcea-11e9-b6a2-c9b4015c4baf",
                    "name": "panel_14",
                    "type": "visualization"
                },
                {
                    "id": "abf96c10-bcea-11e9-b6a2-c9b4015c4baf",
                    "name": "panel_15",
                    "type": "visualization"
                },
                {
                    "id": "84502430-bce8-11e9-b6a2-c9b4015c4baf",
                    "name": "panel_16",
                    "type": "visualization"
                },
                {
                    "id": "ab6f8d80-bce8-11e9-b6a2-c9b4015c4baf",
                    "name": "panel_17",
                    "type": "visualization"
                },
                {
                    "id": "5d92b100-bce8-11e9-b6a2-c9b4015c4baf",
                    "name": "panel_18",
                    "type": "visualization"
                },
                {
                    "id": "4ac8f5f0-bcfe-11e9-b6a2-c9b4015c4baf",
                    "name": "panel_19",
                    "type": "visualization"
                },
                {
                    "id": "8f723a10-bd97-11e9-b9c5-fddc96658612",
                    "name": "panel_20",
                    "type": "visualization"
                },
                {
                    "id": "7e178c80-fee1-11e9-8405-516218e3d268",
                    "name": "panel_21",
                    "type": "search"
                },
                {
                    "id": "324686c0-fefb-11e9-8405-516218e3d268",
                    "name": "panel_22",
                    "type": "search"
                },
                {
                    "id": "5e19ff80-231c-11ea-8405-516218e3d268",
                    "name": "panel_23",
                    "type": "visualization"
                },
                {
                    "id": "fa876300-231a-11ea-8405-516218e3d268",
                    "name": "panel_24",
                    "type": "visualization"
                }
            ],
            "type": "dashboard",
            "updated_at": "2020-02-04T20:39:02.784Z",
            "version": "WzcwLDFd"
        },
        {
            "attributes": {
                "description": "",
                "kibanaSavedObjectMeta": {
                    "searchSourceJSON": "{\"filter\": [], \"query\": {\"query\": \"\", \"language\": \"kuery\"}}"
                },
                "title": "User  Management Events - Description [Winlogbeat Security]",
                "uiStateJSON": "{}",
                "version": 1,
                "visState": "{\"title\": \"User  Management Events - Description [Winlogbeat Security]\", \"aggs\": [], \"params\": {\"openLinksInNewTab\": false, \"markdown\": \"# **User Management Events**\\n\\n#### This dashboard shows information about User Management Events collected by winlogbeat\\n#\\n#\\n#\\nEvent | Description\\n-- | --\\n4720 | A user account was created\\n4722 | A user account was enabled\\n4723 | An attempt was made to change an account's password\\n4724 | An attempt was made to reset an account's password\\n4725 | An user account was disabled\\n4726 | An user account was deleted\\n4738 | An user account was changed\\n4740 | An user account was locked out\\n4767 | An account was unlocked\\n4781 | The name of an account was changed\", \"fontSize\": 10}, \"type\": \"markdown\"}"
            },
            "id": "2dc6b820-b9e8-11e9-b6a2-c9b4015c4baf",
            "migrationVersion": {
                "visualization": "7.4.2"
            },
            "references": [],
            "type": "visualization",
            "updated_at": "2020-02-04T20:39:02.784Z",
            "version": "WzcxLDFd"
        },
        {
            "attributes": {
                "description": "",
                "kibanaSavedObjectMeta": {
                    "searchSourceJSON": "{\"indexRefName\": \"kibanaSavedObjectMeta.searchSourceJSON.index\", \"filter\": [{\"$state\": {\"store\": \"appState\"}, \"query\": {\"bool\": {\"minimum_should_match\": 1, \"should\": [{\"match_phrase\": {\"event.code\": \"4720\"}}, {\"match_phrase\": {\"event.code\": \"4722\"}}, {\"match_phrase\": {\"event.code\": \"4723\"}}, {\"match_phrase\": {\"event.code\": \"4724\"}}, {\"match_phrase\": {\"event.code\": \"4725\"}}, {\"match_phrase\": {\"event.code\": \"4726\"}}, {\"match_phrase\": {\"event.code\": \"4738\"}}, {\"match_phrase\": {\"event.code\": \"4740\"}}, {\"match_phrase\": {\"event.code\": \"4765\"}}, {\"match_phrase\": {\"event.code\": \"4766\"}}, {\"match_phrase\": {\"event.code\": \"4767\"}}, {\"match_phrase\": {\"event.code\": \"4780\"}}, {\"match_phrase\": {\"event.code\": \"4781\"}}, {\"match_phrase\": {\"event.code\": \"4794\"}}, {\"match_phrase\": {\"event.code\": \"5376\"}}, {\"match_phrase\": {\"event.code\": \"5377\"}}]}}, \"meta\": {\"negate\": false, \"value\": \"4720, 4722, 4723, 4724, 4725, 4726, 4738, 4740, 4765, 4766, 4767, 4780, 4781, 4794, 5376, 5377\", \"indexRefName\": \"kibanaSavedObjectMeta.searchSourceJSON.filter[0].meta.index\", \"params\": [\"4720\", \"4722\", \"4723\", \"4724\", \"4725\", \"4726\", \"4738\", \"4740\", \"4765\", \"4766\", \"4767\", \"4780\", \"4781\", \"4794\", \"5376\", \"5377\"], \"key\": \"event.code\", \"alias\": null, \"disabled\": false, \"type\": \"phrases\"}}], \"query\": {\"query\": \"\", \"language\": \"kuery\"}}"
                },
                "title": "User Management Events - Event Actions - Donut [Winlogbeat Security]",
                "uiStateJSON": "{}",
                "version": 1,
                "visState": "{\"title\": \"User Management Events - Event Actions - Donut [Winlogbeat Security]\", \"aggs\": [{\"schema\": \"metric\", \"type\": \"count\", \"enabled\": true, \"id\": \"1\", \"params\": {}}, {\"schema\": \"segment\", \"type\": \"terms\", \"enabled\": true, \"id\": \"2\", \"params\": {\"order\": \"desc\", \"missingBucket\": false, \"size\": 5, \"missingBucketLabel\": \"Missing\", \"field\": \"event.action\", \"orderBy\": \"1\", \"otherBucketLabel\": \"Other\", \"otherBucket\": false}}], \"params\": {\"labels\": {\"show\": true, \"values\": true, \"truncate\": 100, \"last_level\": true}, \"addLegend\": true, \"type\": \"pie\", \"legendPosition\": \"right\", \"addTooltip\": true, \"isDonut\": true, \"dimensions\": {\"buckets\": [{\"aggType\": \"terms\", \"format\": {\"params\": {\"otherBucketLabel\": \"Other\", \"missingBucketLabel\": \"Missing\", \"id\": \"string\"}, \"id\": \"terms\"}, \"params\": {}, \"accessor\": 0}], \"metric\": {\"aggType\": \"count\", \"format\": {\"id\": \"number\"}, \"params\": {}, \"accessor\": 1}}}, \"type\": \"pie\"}"
            },
            "id": "833e0110-b9ec-11e9-b6a2-c9b4015c4baf",
            "migrationVersion": {
                "visualization": "7.4.2"
            },
            "references": [
                {
                    "id": "winlogbeat-*",
                    "name": "kibanaSavedObjectMeta.searchSourceJSON.index",
                    "type": "index-pattern"
                },
                {
                    "id": "winlogbeat-*",
                    "name": "kibanaSavedObjectMeta.searchSourceJSON.filter[0].meta.index",
                    "type": "index-pattern"
                }
            ],
            "type": "visualization",
            "updated_at": "2020-02-04T20:39:02.784Z",
            "version": "WzcyLDFd"
        },
        {
            "attributes": {
                "description": "",
                "kibanaSavedObjectMeta": {
                    "searchSourceJSON": "{\"indexRefName\": \"kibanaSavedObjectMeta.searchSourceJSON.index\", \"filter\": [{\"$state\": {\"store\": \"appState\"}, \"query\": {\"match\": {\"event.code\": {\"type\": \"phrase\", \"query\": \"4720\"}}}, \"meta\": {\"negate\": false, \"value\": \"4720\", \"indexRefName\": \"kibanaSavedObjectMeta.searchSourceJSON.filter[0].meta.index\", \"params\": {\"query\": \"4720\"}, \"key\": \"event.code\", \"alias\": null, \"disabled\": false, \"type\": \"phrase\"}}], \"query\": {\"query\": \"\", \"language\": \"kuery\"}}"
                },
                "title": "Users Created - Table [Winlogbeat Security]",
                "uiStateJSON": "{\"vis\": {\"params\": {\"sort\": {\"columnIndex\": null, \"direction\": null}}}}",
                "version": 1,
                "visState": "{\"title\": \"Users Created - Table [Winlogbeat Security]\", \"aggs\": [{\"schema\": \"metric\", \"type\": \"count\", \"enabled\": true, \"id\": \"1\", \"params\": {}}, {\"schema\": \"bucket\", \"type\": \"terms\", \"enabled\": true, \"id\": \"2\", \"params\": {\"order\": \"desc\", \"missingBucket\": false, \"size\": 100, \"missingBucketLabel\": \"Missing\", \"field\": \"winlog.event_data.TargetUserName\", \"orderBy\": \"1\", \"otherBucketLabel\": \"Other\", \"otherBucket\": false, \"customLabel\": \"Created User\"}}, {\"schema\": \"bucket\", \"type\": \"terms\", \"enabled\": true, \"id\": \"3\", \"params\": {\"order\": \"desc\", \"missingBucket\": true, \"size\": 5, \"missingBucketLabel\": \"Missing\", \"field\": \"winlog.event_data.SubjectUserName\", \"orderBy\": \"1\", \"otherBucketLabel\": \"Other\", \"otherBucket\": false, \"customLabel\": \"Performed by\"}}, {\"schema\": \"bucket\", \"type\": \"terms\", \"enabled\": true, \"id\": \"4\", \"params\": {\"order\": \"desc\", \"missingBucket\": false, \"size\": 5, \"missingBucketLabel\": \"Missing\", \"field\": \"winlog.logon.id\", \"orderBy\": \"1\", \"otherBucketLabel\": \"Other\", \"otherBucket\": false, \"customLabel\": \"Performer LogonID\"}}], \"params\": {\"perPage\": 10, \"showTotal\": false, \"sort\": {\"columnIndex\": null, \"direction\": null}, \"showMetricsAtAllLevels\": false, \"totalFunc\": \"sum\", \"dimensions\": {\"buckets\": [{\"aggType\": \"terms\", \"format\": {\"params\": {\"otherBucketLabel\": \"Other\", \"missingBucketLabel\": \"Missing\", \"id\": \"string\"}, \"id\": \"terms\"}, \"params\": {}, \"accessor\": 0}, {\"aggType\": \"terms\", \"format\": {\"params\": {\"otherBucketLabel\": \"Other\", \"missingBucketLabel\": \"Missing\", \"id\": \"string\"}, \"id\": \"terms\"}, \"params\": {}, \"accessor\": 1}, {\"aggType\": \"terms\", \"format\": {\"params\": {\"otherBucketLabel\": \"Other\", \"missingBucketLabel\": \"Missing\", \"id\": \"string\"}, \"id\": \"terms\"}, \"params\": {}, \"accessor\": 2}], \"metrics\": [{\"aggType\": \"count\", \"format\": {\"id\": \"number\"}, \"params\": {}, \"accessor\": 3}]}, \"showPartialRows\": false}, \"type\": \"table\"}"
            },
            "id": "5e7f0ed0-bcd2-11e9-b6a2-c9b4015c4baf",
            "migrationVersion": {
                "visualization": "7.4.2"
            },
            "references": [
                {
                    "id": "winlogbeat-*",
                    "name": "kibanaSavedObjectMeta.searchSourceJSON.index",
                    "type": "index-pattern"
                },
                {
                    "id": "winlogbeat-*",
                    "name": "kibanaSavedObjectMeta.searchSourceJSON.filter[0].meta.index",
                    "type": "index-pattern"
                }
            ],
            "type": "visualization",
            "updated_at": "2020-02-04T20:39:02.784Z",
            "version": "WzczLDFd"
        },
        {
            "attributes": {
                "description": "",
                "kibanaSavedObjectMeta": {
                    "searchSourceJSON": "{\"indexRefName\": \"kibanaSavedObjectMeta.searchSourceJSON.index\", \"filter\": [{\"$state\": {\"store\": \"appState\"}, \"query\": {\"bool\": {\"minimum_should_match\": 1, \"should\": [{\"match_phrase\": {\"event.code\": \"4720\"}}, {\"match_phrase\": {\"event.code\": \"4722\"}}, {\"match_phrase\": {\"event.code\": \"4723\"}}, {\"match_phrase\": {\"event.code\": \"4724\"}}, {\"match_phrase\": {\"event.code\": \"4725\"}}, {\"match_phrase\": {\"event.code\": \"4726\"}}, {\"match_phrase\": {\"event.code\": \"4738\"}}, {\"match_phrase\": {\"event.code\": \"4740\"}}, {\"match_phrase\": {\"event.code\": \"4765\"}}, {\"match_phrase\": {\"event.code\": \"4766\"}}, {\"match_phrase\": {\"event.code\": \"4767\"}}, {\"match_phrase\": {\"event.code\": \"4780\"}}, {\"match_phrase\": {\"event.code\": \"4781\"}}, {\"match_phrase\": {\"event.code\": \"4794\"}}, {\"match_phrase\": {\"event.code\": \"5376\"}}, {\"match_phrase\": {\"event.code\": \"5377\"}}]}}, \"meta\": {\"negate\": false, \"value\": \"4720, 4722, 4723, 4724, 4725, 4726, 4738, 4740, 4765, 4766, 4767, 4780, 4781, 4794, 5376, 5377\", \"indexRefName\": \"kibanaSavedObjectMeta.searchSourceJSON.filter[0].meta.index\", \"params\": [\"4720\", \"4722\", \"4723\", \"4724\", \"4725\", \"4726\", \"4738\", \"4740\", \"4765\", \"4766\", \"4767\", \"4780\", \"4781\", \"4794\", \"5376\", \"5377\"], \"key\": \"event.code\", \"alias\": null, \"disabled\": false, \"type\": \"phrases\"}}], \"query\": {\"query\": \"\", \"language\": \"kuery\"}}"
                },
                "title": "User Management Events - Event Actions - Table [Winlogbeat Security]",
                "uiStateJSON": "{\"vis\": {\"params\": {\"sort\": {\"columnIndex\": null, \"direction\": null}}}}",
                "version": 1,
                "visState": "{\"title\": \"User Management Events - Event Actions - Table [Winlogbeat Security]\", \"aggs\": [{\"schema\": \"metric\", \"type\": \"count\", \"enabled\": true, \"id\": \"1\", \"params\": {}}, {\"schema\": \"bucket\", \"type\": \"terms\", \"enabled\": true, \"id\": \"2\", \"params\": {\"order\": \"desc\", \"missingBucket\": false, \"size\": 10, \"missingBucketLabel\": \"Missing\", \"field\": \"event.action\", \"orderBy\": \"1\", \"otherBucketLabel\": \"Other\", \"otherBucket\": false, \"customLabel\": \"Event Short Description\"}}, {\"schema\": \"bucket\", \"type\": \"terms\", \"enabled\": true, \"id\": \"3\", \"params\": {\"order\": \"desc\", \"missingBucket\": false, \"size\": 5, \"missingBucketLabel\": \"Missing\", \"field\": \"event.code\", \"orderBy\": \"1\", \"otherBucketLabel\": \"Other\", \"otherBucket\": false, \"customLabel\": \"Event Code\"}}], \"params\": {\"perPage\": 10, \"showTotal\": false, \"sort\": {\"columnIndex\": null, \"direction\": null}, \"showMetricsAtAllLevels\": false, \"totalFunc\": \"sum\", \"dimensions\": {\"buckets\": [{\"aggType\": \"terms\", \"format\": {\"params\": {\"otherBucketLabel\": \"Other\", \"missingBucketLabel\": \"Missing\", \"id\": \"string\"}, \"id\": \"terms\"}, \"params\": {}, \"accessor\": 0}, {\"aggType\": \"terms\", \"format\": {\"params\": {\"otherBucketLabel\": \"Other\", \"missingBucketLabel\": \"Missing\", \"id\": \"string\"}, \"id\": \"terms\"}, \"params\": {}, \"accessor\": 1}], \"metrics\": [{\"aggType\": \"count\", \"format\": {\"id\": \"number\"}, \"params\": {}, \"accessor\": 2}]}, \"showPartialRows\": false}, \"type\": \"table\"}"
            },
            "id": "b2cecf10-bcd3-11e9-b6a2-c9b4015c4baf",
            "migrationVersion": {
                "visualization": "7.4.2"
            },
            "references": [
                {
                    "id": "winlogbeat-*",
                    "name": "kibanaSavedObjectMeta.searchSourceJSON.index",
                    "type": "index-pattern"
                },
                {
                    "id": "winlogbeat-*",
                    "name": "kibanaSavedObjectMeta.searchSourceJSON.filter[0].meta.index",
                    "type": "index-pattern"
                }
            ],
            "type": "visualization",
            "updated_at": "2020-02-04T20:39:02.784Z",
            "version": "Wzc0LDFd"
        },
        {
            "attributes": {
                "description": "",
                "kibanaSavedObjectMeta": {
                    "searchSourceJSON": "{\"indexRefName\": \"kibanaSavedObjectMeta.searchSourceJSON.index\", \"filter\": [{\"$state\": {\"store\": \"appState\"}, \"query\": {\"match\": {\"event.code\": {\"type\": \"phrase\", \"query\": \"4722\"}}}, \"meta\": {\"negate\": false, \"value\": \"4722\", \"indexRefName\": \"kibanaSavedObjectMeta.searchSourceJSON.filter[0].meta.index\", \"params\": {\"query\": \"4722\"}, \"key\": \"event.code\", \"alias\": null, \"disabled\": false, \"type\": \"phrase\"}}], \"query\": {\"query\": \"\", \"language\": \"kuery\"}}"
                },
                "title": "Users Enabled - Table [Winlogbeat Security]",
                "uiStateJSON": "{\"vis\": {\"params\": {\"sort\": {\"columnIndex\": null, \"direction\": null}}}}",
                "version": 1,
                "visState": "{\"title\": \"Users Enabled - Table [Winlogbeat Security]\", \"aggs\": [{\"schema\": \"metric\", \"type\": \"count\", \"enabled\": true, \"id\": \"1\", \"params\": {}}, {\"schema\": \"bucket\", \"type\": \"terms\", \"enabled\": true, \"id\": \"2\", \"params\": {\"order\": \"desc\", \"missingBucket\": false, \"size\": 100, \"missingBucketLabel\": \"Missing\", \"field\": \"winlog.event_data.TargetUserName\", \"orderBy\": \"1\", \"otherBucketLabel\": \"Other\", \"otherBucket\": false, \"customLabel\": \"Enabled User\"}}, {\"schema\": \"bucket\", \"type\": \"terms\", \"enabled\": true, \"id\": \"3\", \"params\": {\"order\": \"desc\", \"missingBucket\": true, \"size\": 5, \"missingBucketLabel\": \"Missing\", \"field\": \"winlog.event_data.SubjectUserName\", \"orderBy\": \"1\", \"otherBucketLabel\": \"Other\", \"otherBucket\": false, \"customLabel\": \"Performed by\"}}, {\"schema\": \"bucket\", \"type\": \"terms\", \"enabled\": true, \"id\": \"4\", \"params\": {\"order\": \"desc\", \"missingBucket\": false, \"size\": 5, \"missingBucketLabel\": \"Missing\", \"field\": \"winlog.logon.id\", \"orderBy\": \"1\", \"otherBucketLabel\": \"Other\", \"otherBucket\": false, \"customLabel\": \"Performer LogonId\"}}], \"params\": {\"perPage\": 10, \"showTotal\": false, \"sort\": {\"columnIndex\": null, \"direction\": null}, \"showMetricsAtAllLevels\": false, \"totalFunc\": \"sum\", \"dimensions\": {\"buckets\": [{\"aggType\": \"terms\", \"format\": {\"params\": {\"otherBucketLabel\": \"Other\", \"missingBucketLabel\": \"Missing\", \"id\": \"string\"}, \"id\": \"terms\"}, \"params\": {}, \"accessor\": 0}, {\"aggType\": \"terms\", \"format\": {\"params\": {\"otherBucketLabel\": \"Other\", \"missingBucketLabel\": \"Missing\", \"id\": \"string\"}, \"id\": \"terms\"}, \"params\": {}, \"accessor\": 1}, {\"aggType\": \"terms\", \"format\": {\"params\": {\"otherBucketLabel\": \"Other\", \"missingBucketLabel\": \"Missing\", \"id\": \"string\"}, \"id\": \"terms\"}, \"params\": {}, \"accessor\": 2}], \"metrics\": [{\"aggType\": \"count\", \"format\": {\"id\": \"number\"}, \"params\": {}, \"accessor\": 3}]}, \"showPartialRows\": false}, \"type\": \"table\"}"
            },
            "id": "0620c3d0-bcd4-11e9-b6a2-c9b4015c4baf",
            "migrationVersion": {
                "visualization": "7.4.2"
            },
            "references": [
                {
                    "id": "winlogbeat-*",
                    "name": "kibanaSavedObjectMeta.searchSourceJSON.index",
                    "type": "index-pattern"
                },
                {
                    "id": "winlogbeat-*",
                    "name": "kibanaSavedObjectMeta.searchSourceJSON.filter[0].meta.index",
                    "type": "index-pattern"
                }
            ],
            "type": "visualization",
            "updated_at": "2020-02-04T20:39:02.784Z",
            "version": "Wzc1LDFd"
        },
        {
            "attributes": {
                "description": "",
                "kibanaSavedObjectMeta": {
                    "searchSourceJSON": "{\"indexRefName\": \"kibanaSavedObjectMeta.searchSourceJSON.index\", \"filter\": [{\"$state\": {\"store\": \"appState\"}, \"query\": {\"match\": {\"event.code\": {\"type\": \"phrase\", \"query\": \"4725\"}}}, \"meta\": {\"negate\": false, \"value\": \"4725\", \"indexRefName\": \"kibanaSavedObjectMeta.searchSourceJSON.filter[0].meta.index\", \"params\": {\"query\": \"4725\"}, \"key\": \"event.code\", \"alias\": null, \"disabled\": false, \"type\": \"phrase\"}}], \"query\": {\"query\": \"\", \"language\": \"kuery\"}}"
                },
                "title": "Users Disabled - Table [Winlogbeat Security]",
                "uiStateJSON": "{\"vis\": {\"params\": {\"sort\": {\"columnIndex\": null, \"direction\": null}}}}",
                "version": 1,
                "visState": "{\"title\": \"Users Disabled - Table [Winlogbeat Security]\", \"aggs\": [{\"schema\": \"metric\", \"type\": \"count\", \"enabled\": true, \"id\": \"1\", \"params\": {}}, {\"schema\": \"bucket\", \"type\": \"terms\", \"enabled\": true, \"id\": \"2\", \"params\": {\"order\": \"desc\", \"missingBucket\": false, \"size\": 100, \"missingBucketLabel\": \"Missing\", \"field\": \"winlog.event_data.TargetUserName\", \"orderBy\": \"1\", \"otherBucketLabel\": \"Other\", \"otherBucket\": false, \"customLabel\": \"Disabled User\"}}, {\"schema\": \"bucket\", \"type\": \"terms\", \"enabled\": true, \"id\": \"3\", \"params\": {\"order\": \"desc\", \"missingBucket\": true, \"size\": 5, \"missingBucketLabel\": \"Missing\", \"field\": \"winlog.event_data.SubjectUserName\", \"orderBy\": \"1\", \"otherBucketLabel\": \"Other\", \"otherBucket\": false, \"customLabel\": \"Performed by\"}}, {\"schema\": \"bucket\", \"type\": \"terms\", \"enabled\": true, \"id\": \"4\", \"params\": {\"order\": \"desc\", \"missingBucket\": false, \"size\": 5, \"missingBucketLabel\": \"Missing\", \"field\": \"winlog.logon.id\", \"orderBy\": \"1\", \"otherBucketLabel\": \"Other\", \"otherBucket\": false, \"customLabel\": \"Performer LogonId\"}}], \"params\": {\"perPage\": 10, \"showTotal\": false, \"sort\": {\"columnIndex\": null, \"direction\": null}, \"showMetricsAtAllLevels\": false, \"totalFunc\": \"sum\", \"dimensions\": {\"buckets\": [{\"aggType\": \"terms\", \"format\": {\"params\": {\"otherBucketLabel\": \"Other\", \"missingBucketLabel\": \"Missing\", \"id\": \"string\"}, \"id\": \"terms\"}, \"params\": {}, \"accessor\": 0}, {\"aggType\": \"terms\", \"format\": {\"params\": {\"otherBucketLabel\": \"Other\", \"missingBucketLabel\": \"Missing\", \"id\": \"string\"}, \"id\": \"terms\"}, \"params\": {}, \"accessor\": 1}, {\"aggType\": \"terms\", \"format\": {\"params\": {\"otherBucketLabel\": \"Other\", \"missingBucketLabel\": \"Missing\", \"id\": \"string\"}, \"id\": \"terms\"}, \"params\": {}, \"accessor\": 2}], \"metrics\": [{\"aggType\": \"count\", \"format\": {\"id\": \"number\"}, \"params\": {}, \"accessor\": 3}]}, \"showPartialRows\": false}, \"type\": \"table\"}"
            },
            "id": "8f20c950-bcd4-11e9-b6a2-c9b4015c4baf",
            "migrationVersion": {
                "visualization": "7.4.2"
            },
            "references": [
                {
                    "id": "winlogbeat-*",
                    "name": "kibanaSavedObjectMeta.searchSourceJSON.index",
                    "type": "index-pattern"
                },
                {
                    "id": "winlogbeat-*",
                    "name": "kibanaSavedObjectMeta.searchSourceJSON.filter[0].meta.index",
                    "type": "index-pattern"
                }
            ],
            "type": "visualization",
            "updated_at": "2020-02-04T20:39:02.784Z",
            "version": "Wzc2LDFd"
        },
        {
            "attributes": {
                "description": "",
                "kibanaSavedObjectMeta": {
                    "searchSourceJSON": "{\"indexRefName\": \"kibanaSavedObjectMeta.searchSourceJSON.index\", \"filter\": [{\"$state\": {\"store\": \"appState\"}, \"query\": {\"match\": {\"event.code\": {\"type\": \"phrase\", \"query\": \"4726\"}}}, \"meta\": {\"negate\": false, \"value\": \"4726\", \"indexRefName\": \"kibanaSavedObjectMeta.searchSourceJSON.filter[0].meta.index\", \"params\": {\"query\": \"4726\"}, \"key\": \"event.code\", \"alias\": null, \"disabled\": false, \"type\": \"phrase\"}}], \"query\": {\"query\": \"\", \"language\": \"kuery\"}}"
                },
                "title": "Users Deleted - Table [Winlogbeat Security]",
                "uiStateJSON": "{\"vis\": {\"params\": {\"sort\": {\"columnIndex\": null, \"direction\": null}}}}",
                "version": 1,
                "visState": "{\"title\": \"Users Deleted - Table [Winlogbeat Security]\", \"aggs\": [{\"schema\": \"metric\", \"type\": \"count\", \"enabled\": true, \"id\": \"1\", \"params\": {}}, {\"schema\": \"bucket\", \"type\": \"terms\", \"enabled\": true, \"id\": \"2\", \"params\": {\"order\": \"desc\", \"missingBucket\": false, \"size\": 100, \"missingBucketLabel\": \"Missing\", \"field\": \"winlog.event_data.TargetUserName\", \"orderBy\": \"1\", \"otherBucketLabel\": \"Other\", \"otherBucket\": false, \"customLabel\": \"Deleted User\"}}, {\"schema\": \"bucket\", \"type\": \"terms\", \"enabled\": true, \"id\": \"3\", \"params\": {\"order\": \"desc\", \"missingBucket\": true, \"size\": 5, \"missingBucketLabel\": \"Missing\", \"field\": \"winlog.event_data.SubjectUserName\", \"orderBy\": \"1\", \"otherBucketLabel\": \"Other\", \"otherBucket\": false, \"customLabel\": \"Performed by\"}}, {\"schema\": \"bucket\", \"type\": \"terms\", \"enabled\": true, \"id\": \"4\", \"params\": {\"order\": \"desc\", \"missingBucket\": false, \"size\": 5, \"missingBucketLabel\": \"Missing\", \"field\": \"winlog.logon.id\", \"orderBy\": \"1\", \"otherBucketLabel\": \"Other\", \"otherBucket\": false, \"customLabel\": \"Performed LogonId\"}}], \"params\": {\"perPage\": 10, \"showTotal\": false, \"sort\": {\"columnIndex\": null, \"direction\": null}, \"showMetricsAtAllLevels\": false, \"totalFunc\": \"sum\", \"dimensions\": {\"buckets\": [{\"aggType\": \"terms\", \"format\": {\"params\": {\"otherBucketLabel\": \"Other\", \"missingBucketLabel\": \"Missing\", \"id\": \"string\"}, \"id\": \"terms\"}, \"params\": {}, \"accessor\": 0}, {\"aggType\": \"terms\", \"format\": {\"params\": {\"otherBucketLabel\": \"Other\", \"missingBucketLabel\": \"Missing\", \"id\": \"string\"}, \"id\": \"terms\"}, \"params\": {}, \"accessor\": 1}, {\"aggType\": \"terms\", \"format\": {\"params\": {\"otherBucketLabel\": \"Other\", \"missingBucketLabel\": \"Missing\", \"id\": \"string\"}, \"id\": \"terms\"}, \"params\": {}, \"accessor\": 2}], \"metrics\": [{\"aggType\": \"count\", \"format\": {\"id\": \"number\"}, \"params\": {}, \"accessor\": 3}]}, \"showPartialRows\": false}, \"type\": \"table\"}"
            },
            "id": "ee0319a0-bcd4-11e9-b6a2-c9b4015c4baf",
            "migrationVersion": {
                "visualization": "7.4.2"
            },
            "references": [
                {
                    "id": "winlogbeat-*",
                    "name": "kibanaSavedObjectMeta.searchSourceJSON.index",
                    "type": "index-pattern"
                },
                {
                    "id": "winlogbeat-*",
                    "name": "kibanaSavedObjectMeta.searchSourceJSON.filter[0].meta.index",
                    "type": "index-pattern"
                }
            ],
            "type": "visualization",
            "updated_at": "2020-02-04T20:39:02.784Z",
            "version": "Wzc3LDFd"
        },
        {
            "attributes": {
                "description": "",
                "kibanaSavedObjectMeta": {
                    "searchSourceJSON": "{\"indexRefName\": \"kibanaSavedObjectMeta.searchSourceJSON.index\", \"filter\": [{\"$state\": {\"store\": \"appState\"}, \"query\": {\"bool\": {\"minimum_should_match\": 1, \"should\": [{\"match_phrase\": {\"event.code\": \"4720\"}}, {\"match_phrase\": {\"event.code\": \"4722\"}}, {\"match_phrase\": {\"event.code\": \"4723\"}}, {\"match_phrase\": {\"event.code\": \"4724\"}}, {\"match_phrase\": {\"event.code\": \"4725\"}}, {\"match_phrase\": {\"event.code\": \"4726\"}}, {\"match_phrase\": {\"event.code\": \"4738\"}}, {\"match_phrase\": {\"event.code\": \"4740\"}}, {\"match_phrase\": {\"event.code\": \"4765\"}}, {\"match_phrase\": {\"event.code\": \"4766\"}}, {\"match_phrase\": {\"event.code\": \"4767\"}}, {\"match_phrase\": {\"event.code\": \"4780\"}}, {\"match_phrase\": {\"event.code\": \"4781\"}}, {\"match_phrase\": {\"event.code\": \"4794\"}}, {\"match_phrase\": {\"event.code\": \"5376\"}}, {\"match_phrase\": {\"event.code\": \"5377\"}}]}}, \"meta\": {\"negate\": false, \"value\": \"4720, 4722, 4723, 4724, 4725, 4726, 4738, 4740, 4765, 4766, 4767, 4780, 4781, 4794, 5376, 5377\", \"indexRefName\": \"kibanaSavedObjectMeta.searchSourceJSON.filter[0].meta.index\", \"params\": [\"4720\", \"4722\", \"4723\", \"4724\", \"4725\", \"4726\", \"4738\", \"4740\", \"4765\", \"4766\", \"4767\", \"4780\", \"4781\", \"4794\", \"5376\", \"5377\"], \"key\": \"event.code\", \"alias\": null, \"disabled\": false, \"type\": \"phrases\"}}], \"query\": {\"query\": \"\", \"language\": \"kuery\"}}"
                },
                "title": "User Management Events - Affected Users vs Actions - Heatmap [Winlogbeat Security]",
                "uiStateJSON": "{\"vis\": {\"defaultColors\": {\"0 - 14\": \"rgb(247,251,255)\", \"14 - 28\": \"rgb(198,219,239)\", \"42 - 55\": \"rgb(33,113,181)\", \"28 - 42\": \"rgb(107,174,214)\"}}}",
                "version": 1,
                "visState": "{\"title\": \"User Management Events - Affected Users vs Actions - Heatmap [Winlogbeat Security]\", \"aggs\": [{\"schema\": \"metric\", \"type\": \"count\", \"enabled\": true, \"id\": \"1\", \"params\": {}}, {\"schema\": \"segment\", \"type\": \"terms\", \"enabled\": true, \"id\": \"2\", \"params\": {\"order\": \"desc\", \"missingBucket\": false, \"size\": 15, \"missingBucketLabel\": \"Missing\", \"field\": \"winlog.event_data.TargetUserName\", \"orderBy\": \"1\", \"otherBucketLabel\": \"Other\", \"otherBucket\": false, \"customLabel\": \"Target User\"}}, {\"schema\": \"group\", \"type\": \"terms\", \"enabled\": true, \"id\": \"3\", \"params\": {\"order\": \"desc\", \"missingBucket\": false, \"size\": 10, \"missingBucketLabel\": \"Missing\", \"field\": \"event.action\", \"orderBy\": \"1\", \"otherBucketLabel\": \"Other\", \"otherBucket\": false, \"customLabel\": \"Operation\"}}], \"params\": {\"colorsNumber\": 4, \"invertColors\": false, \"addLegend\": true, \"enableHover\": false, \"legendPosition\": \"right\", \"valueAxes\": [{\"labels\": {\"color\": \"black\", \"overwriteColor\": false, \"show\": true, \"rotate\": 0}, \"show\": false, \"scale\": {\"type\": \"linear\", \"defaultYExtents\": false}, \"type\": \"value\", \"id\": \"ValueAxis-1\"}], \"colorsRange\": [], \"dimensions\": {\"series\": [{\"aggType\": \"terms\", \"format\": {\"params\": {\"otherBucketLabel\": \"Other\", \"missingBucketLabel\": \"Missing\", \"id\": \"string\"}, \"id\": \"terms\"}, \"params\": {}, \"accessor\": 1}], \"y\": [{\"aggType\": \"count\", \"format\": {\"id\": \"number\"}, \"params\": {}, \"accessor\": 2}], \"x\": {\"aggType\": \"terms\", \"format\": {\"params\": {\"otherBucketLabel\": \"Other\", \"missingBucketLabel\": \"Missing\", \"id\": \"string\"}, \"id\": \"terms\"}, \"params\": {}, \"accessor\": 0}}, \"colorSchema\": \"Blues\", \"percentageMode\": false, \"times\": [], \"type\": \"heatmap\", \"addTooltip\": true, \"setColorRange\": false}, \"type\": \"heatmap\"}"
            },
            "id": "dce77e60-bcd7-11e9-b6a2-c9b4015c4baf",
            "migrationVersion": {
                "visualization": "7.4.2"
            },
            "references": [
                {
                    "id": "winlogbeat-*",
                    "name": "kibanaSavedObjectMeta.searchSourceJSON.index",
                    "type": "index-pattern"
                },
                {
                    "id": "winlogbeat-*",
                    "name": "kibanaSavedObjectMeta.searchSourceJSON.filter[0].meta.index",
                    "type": "index-pattern"
                }
            ],
            "type": "visualization",
            "updated_at": "2020-02-04T20:39:02.784Z",
            "version": "Wzc4LDFd"
        },
        {
            "attributes": {
                "description": "",
                "kibanaSavedObjectMeta": {
                    "searchSourceJSON": "{\"indexRefName\": \"kibanaSavedObjectMeta.searchSourceJSON.index\", \"filter\": [{\"$state\": {\"store\": \"appState\"}, \"query\": {\"bool\": {\"minimum_should_match\": 1, \"should\": [{\"match_phrase\": {\"event.code\": \"4723\"}}, {\"match_phrase\": {\"event.code\": \"4724\"}}]}}, \"meta\": {\"negate\": false, \"value\": \"4723, 4724\", \"indexRefName\": \"kibanaSavedObjectMeta.searchSourceJSON.filter[0].meta.index\", \"params\": [\"4723\", \"4724\"], \"key\": \"event.code\", \"alias\": null, \"disabled\": false, \"type\": \"phrases\"}}], \"query\": {\"query\": \"\", \"language\": \"kuery\"}}"
                },
                "title": "Users Password Changes - Table [Winlogbeat Security]",
                "uiStateJSON": "{\"vis\": {\"params\": {\"sort\": {\"columnIndex\": null, \"direction\": null}}}}",
                "version": 1,
                "visState": "{\"title\": \"Users Password Changes - Table [Winlogbeat Security]\", \"aggs\": [{\"schema\": \"metric\", \"type\": \"count\", \"enabled\": true, \"id\": \"1\", \"params\": {}}, {\"schema\": \"bucket\", \"type\": \"terms\", \"enabled\": true, \"id\": \"2\", \"params\": {\"order\": \"desc\", \"missingBucket\": false, \"size\": 100, \"missingBucketLabel\": \"Missing\", \"field\": \"winlog.event_data.TargetUserName\", \"orderBy\": \"1\", \"otherBucketLabel\": \"Other\", \"otherBucket\": false, \"customLabel\": \"Password Change to\"}}, {\"schema\": \"bucket\", \"type\": \"terms\", \"enabled\": true, \"id\": \"3\", \"params\": {\"order\": \"desc\", \"missingBucket\": true, \"size\": 5, \"missingBucketLabel\": \"Missing\", \"field\": \"winlog.event_data.SubjectUserName\", \"orderBy\": \"1\", \"otherBucketLabel\": \"Other\", \"otherBucket\": false, \"customLabel\": \"Performed by\"}}, {\"schema\": \"bucket\", \"type\": \"terms\", \"enabled\": true, \"id\": \"4\", \"params\": {\"order\": \"desc\", \"missingBucket\": false, \"size\": 5, \"missingBucketLabel\": \"Missing\", \"field\": \"winlog.logon.id\", \"orderBy\": \"1\", \"otherBucketLabel\": \"Other\", \"otherBucket\": false, \"customLabel\": \"Performer LogonId\"}}], \"params\": {\"perPage\": 10, \"showTotal\": false, \"sort\": {\"columnIndex\": null, \"direction\": null}, \"showMetricsAtAllLevels\": false, \"totalFunc\": \"sum\", \"dimensions\": {\"buckets\": [{\"aggType\": \"terms\", \"format\": {\"params\": {\"otherBucketLabel\": \"Other\", \"missingBucketLabel\": \"Missing\", \"id\": \"string\"}, \"id\": \"terms\"}, \"params\": {}, \"accessor\": 0}, {\"aggType\": \"terms\", \"format\": {\"params\": {\"otherBucketLabel\": \"Other\", \"missingBucketLabel\": \"Missing\", \"id\": \"string\"}, \"id\": \"terms\"}, \"params\": {}, \"accessor\": 1}, {\"aggType\": \"terms\", \"format\": {\"params\": {\"otherBucketLabel\": \"Other\", \"missingBucketLabel\": \"Missing\", \"id\": \"string\"}, \"id\": \"terms\"}, \"params\": {}, \"accessor\": 2}], \"metrics\": [{\"aggType\": \"count\", \"format\": {\"id\": \"number\"}, \"params\": {}, \"accessor\": 3}]}, \"showPartialRows\": false}, \"type\": \"table\"}"
            },
            "id": "da5ffe40-bcd9-11e9-b6a2-c9b4015c4baf",
            "migrationVersion": {
                "visualization": "7.4.2"
            },
            "references": [
                {
                    "id": "winlogbeat-*",
                    "name": "kibanaSavedObjectMeta.searchSourceJSON.index",
                    "type": "index-pattern"
                },
                {
                    "id": "winlogbeat-*",
                    "name": "kibanaSavedObjectMeta.searchSourceJSON.filter[0].meta.index",
                    "type": "index-pattern"
                }
            ],
            "type": "visualization",
            "updated_at": "2020-02-04T20:39:02.784Z",
            "version": "Wzc5LDFd"
        },
        {
            "attributes": {
                "description": "",
                "kibanaSavedObjectMeta": {
                    "searchSourceJSON": "{\"indexRefName\": \"kibanaSavedObjectMeta.searchSourceJSON.index\", \"filter\": [{\"$state\": {\"store\": \"appState\"}, \"query\": {\"match\": {\"event.code\": {\"type\": \"phrase\", \"query\": \"4720\"}}}, \"meta\": {\"negate\": false, \"value\": \"4720\", \"indexRefName\": \"kibanaSavedObjectMeta.searchSourceJSON.filter[0].meta.index\", \"params\": {\"query\": \"4720\"}, \"key\": \"event.code\", \"alias\": null, \"disabled\": false, \"type\": \"phrase\"}}], \"query\": {\"query\": \"\", \"language\": \"kuery\"}}"
                },
                "title": "Users Created - Simple Metric [Winlogbeat Security]",
                "uiStateJSON": "{}",
                "version": 1,
                "visState": "{\"title\": \"Users Created - Simple Metric [Winlogbeat Security]\", \"aggs\": [{\"schema\": \"metric\", \"type\": \"count\", \"enabled\": true, \"id\": \"1\", \"params\": {\"customLabel\": \"Users Created\"}}], \"params\": {\"addTooltip\": true, \"addLegend\": false, \"metric\": {\"colorSchema\": \"Green to Red\", \"labels\": {\"show\": true}, \"invertColors\": false, \"metricColorMode\": \"None\", \"percentageMode\": false, \"style\": {\"bgColor\": false, \"fontSize\": 60, \"labelColor\": false, \"subText\": \"\", \"bgFill\": \"#000\"}, \"colorsRange\": [{\"from\": 0, \"to\": 10000, \"type\": \"range\"}], \"useRanges\": false}, \"dimensions\": {\"metrics\": [{\"format\": {\"params\": {}, \"id\": \"number\"}, \"type\": \"vis_dimension\", \"accessor\": 0}]}, \"type\": \"metric\"}, \"type\": \"metric\"}"
            },
            "id": "102efd20-bcdd-11e9-b6a2-c9b4015c4baf",
            "migrationVersion": {
                "visualization": "7.4.2"
            },
            "references": [
                {
                    "id": "winlogbeat-*",
                    "name": "kibanaSavedObjectMeta.searchSourceJSON.index",
                    "type": "index-pattern"
                },
                {
                    "id": "winlogbeat-*",
                    "name": "kibanaSavedObjectMeta.searchSourceJSON.filter[0].meta.index",
                    "type": "index-pattern"
                }
            ],
            "type": "visualization",
            "updated_at": "2020-02-04T20:39:02.784Z",
            "version": "WzgwLDFd"
        },
        {
            "attributes": {
                "description": "",
                "kibanaSavedObjectMeta": {
                    "searchSourceJSON": "{\"indexRefName\": \"kibanaSavedObjectMeta.searchSourceJSON.index\", \"filter\": [{\"$state\": {\"store\": \"appState\"}, \"query\": {\"match\": {\"event.code\": {\"type\": \"phrase\", \"query\": \"4722\"}}}, \"meta\": {\"negate\": false, \"value\": \"4722\", \"indexRefName\": \"kibanaSavedObjectMeta.searchSourceJSON.filter[0].meta.index\", \"params\": {\"query\": \"4722\"}, \"key\": \"event.code\", \"alias\": null, \"disabled\": false, \"type\": \"phrase\"}}], \"query\": {\"query\": \"\", \"language\": \"kuery\"}}"
                },
                "title": "Users Enabled - Simple Metric [Winlogbeat Security]",
                "uiStateJSON": "{}",
                "version": 1,
                "visState": "{\"title\": \"Users Enabled - Simple Metric [Winlogbeat Security]\", \"aggs\": [{\"schema\": \"metric\", \"type\": \"cardinality\", \"enabled\": true, \"id\": \"1\", \"params\": {\"field\": \"user.name\", \"customLabel\": \"Users Enabled\"}}], \"params\": {\"addTooltip\": true, \"addLegend\": false, \"metric\": {\"colorSchema\": \"Green to Red\", \"labels\": {\"show\": true}, \"invertColors\": false, \"metricColorMode\": \"None\", \"percentageMode\": false, \"style\": {\"bgColor\": false, \"fontSize\": 60, \"labelColor\": false, \"subText\": \"\", \"bgFill\": \"#000\"}, \"colorsRange\": [{\"from\": 0, \"to\": 10000, \"type\": \"range\"}], \"useRanges\": false}, \"dimensions\": {\"metrics\": [{\"format\": {\"params\": {}, \"id\": \"number\"}, \"type\": \"vis_dimension\", \"accessor\": 0}]}, \"type\": \"metric\"}, \"type\": \"metric\"}"
            },
            "id": "855957d0-bcdd-11e9-b6a2-c9b4015c4baf",
            "migrationVersion": {
                "visualization": "7.4.2"
            },
            "references": [
                {
                    "id": "winlogbeat-*",
                    "name": "kibanaSavedObjectMeta.searchSourceJSON.index",
                    "type": "index-pattern"
                },
                {
                    "id": "winlogbeat-*",
                    "name": "kibanaSavedObjectMeta.searchSourceJSON.filter[0].meta.index",
                    "type": "index-pattern"
                }
            ],
            "type": "visualization",
            "updated_at": "2020-02-04T20:39:02.784Z",
            "version": "WzgxLDFd"
        },
        {
            "attributes": {
                "description": "",
                "kibanaSavedObjectMeta": {
                    "searchSourceJSON": "{\"indexRefName\": \"kibanaSavedObjectMeta.searchSourceJSON.index\", \"filter\": [{\"$state\": {\"store\": \"appState\"}, \"query\": {\"match\": {\"event.code\": {\"type\": \"phrase\", \"query\": \"4726\"}}}, \"meta\": {\"negate\": false, \"value\": \"4726\", \"indexRefName\": \"kibanaSavedObjectMeta.searchSourceJSON.filter[0].meta.index\", \"params\": {\"query\": \"4726\"}, \"key\": \"event.code\", \"alias\": null, \"disabled\": false, \"type\": \"phrase\"}}], \"query\": {\"query\": \"\", \"language\": \"kuery\"}}"
                },
                "title": "Users Deleted - Simple Metric [Winlogbeat Security]",
                "uiStateJSON": "{}",
                "version": 1,
                "visState": "{\"title\": \"Users Deleted - Simple Metric [Winlogbeat Security]\", \"aggs\": [{\"schema\": \"metric\", \"type\": \"count\", \"enabled\": true, \"id\": \"1\", \"params\": {\"customLabel\": \"Deleted Users\"}}], \"params\": {\"addTooltip\": true, \"addLegend\": false, \"metric\": {\"colorSchema\": \"Green to Red\", \"labels\": {\"show\": true}, \"invertColors\": false, \"metricColorMode\": \"None\", \"percentageMode\": false, \"style\": {\"bgColor\": false, \"fontSize\": 60, \"labelColor\": false, \"subText\": \"\", \"bgFill\": \"#000\"}, \"colorsRange\": [{\"from\": 0, \"to\": 10000, \"type\": \"range\"}], \"useRanges\": false}, \"dimensions\": {\"metrics\": [{\"format\": {\"params\": {}, \"id\": \"number\"}, \"type\": \"vis_dimension\", \"accessor\": 0}]}, \"type\": \"metric\"}, \"type\": \"metric\"}"
            },
            "id": "c359b020-bcdd-11e9-b6a2-c9b4015c4baf",
            "migrationVersion": {
                "visualization": "7.4.2"
            },
            "references": [
                {
                    "id": "winlogbeat-*",
                    "name": "kibanaSavedObjectMeta.searchSourceJSON.index",
                    "type": "index-pattern"
                },
                {
                    "id": "winlogbeat-*",
                    "name": "kibanaSavedObjectMeta.searchSourceJSON.filter[0].meta.index",
                    "type": "index-pattern"
                }
            ],
            "type": "visualization",
            "updated_at": "2020-02-04T20:39:02.784Z",
            "version": "WzgyLDFd"
        },
        {
            "attributes": {
                "description": "",
                "kibanaSavedObjectMeta": {
                    "searchSourceJSON": "{\"indexRefName\": \"kibanaSavedObjectMeta.searchSourceJSON.index\", \"filter\": [{\"$state\": {\"store\": \"appState\"}, \"query\": {\"match\": {\"event.code\": {\"type\": \"phrase\", \"query\": \"4725\"}}}, \"meta\": {\"negate\": false, \"value\": \"4725\", \"indexRefName\": \"kibanaSavedObjectMeta.searchSourceJSON.filter[0].meta.index\", \"params\": {\"query\": \"4725\"}, \"key\": \"event.code\", \"alias\": null, \"disabled\": false, \"type\": \"phrase\"}}], \"query\": {\"query\": \"\", \"language\": \"kuery\"}}"
                },
                "title": "Users Disabled - Simple Metric [Winlogbeat Security]",
                "uiStateJSON": "{}",
                "version": 1,
                "visState": "{\"title\": \"Users Disabled - Simple Metric [Winlogbeat Security]\", \"aggs\": [{\"schema\": \"metric\", \"type\": \"cardinality\", \"enabled\": true, \"id\": \"1\", \"params\": {\"field\": \"user.name\", \"customLabel\": \"Disabled Users\"}}], \"params\": {\"addTooltip\": true, \"addLegend\": false, \"metric\": {\"colorSchema\": \"Green to Red\", \"labels\": {\"show\": true}, \"invertColors\": false, \"metricColorMode\": \"None\", \"percentageMode\": false, \"style\": {\"bgColor\": false, \"fontSize\": 60, \"labelColor\": false, \"subText\": \"\", \"bgFill\": \"#000\"}, \"colorsRange\": [{\"from\": 0, \"to\": 10000, \"type\": \"range\"}], \"useRanges\": false}, \"dimensions\": {\"metrics\": [{\"format\": {\"params\": {}, \"id\": \"number\"}, \"type\": \"vis_dimension\", \"accessor\": 0}]}, \"type\": \"metric\"}, \"type\": \"metric\"}"
            },
            "id": "0cb2d940-bcde-11e9-b6a2-c9b4015c4baf",
            "migrationVersion": {
                "visualization": "7.4.2"
            },
            "references": [
                {
                    "id": "winlogbeat-*",
                    "name": "kibanaSavedObjectMeta.searchSourceJSON.index",
                    "type": "index-pattern"
                },
                {
                    "id": "winlogbeat-*",
                    "name": "kibanaSavedObjectMeta.searchSourceJSON.filter[0].meta.index",
                    "type": "index-pattern"
                }
            ],
            "type": "visualization",
            "updated_at": "2020-02-04T20:39:02.784Z",
            "version": "WzgzLDFd"
        },
        {
            "attributes": {
                "description": "",
                "kibanaSavedObjectMeta": {
                    "searchSourceJSON": "{\"indexRefName\": \"kibanaSavedObjectMeta.searchSourceJSON.index\", \"filter\": [{\"$state\": {\"store\": \"appState\"}, \"query\": {\"bool\": {\"minimum_should_match\": 1, \"should\": [{\"match_phrase\": {\"event.code\": \"4723\"}}, {\"match_phrase\": {\"event.code\": \"4724\"}}]}}, \"meta\": {\"negate\": false, \"value\": \"4723, 4724\", \"indexRefName\": \"kibanaSavedObjectMeta.searchSourceJSON.filter[0].meta.index\", \"params\": [\"4723\", \"4724\"], \"key\": \"event.code\", \"alias\": null, \"disabled\": false, \"type\": \"phrases\"}}], \"query\": {\"query\": \"\", \"language\": \"kuery\"}}"
                },
                "title": "Users Password Reset / Changes [Winlogbeat Security]",
                "uiStateJSON": "{}",
                "version": 1,
                "visState": "{\"title\": \"Users Password Reset / Changes [Winlogbeat Security]\", \"aggs\": [{\"schema\": \"metric\", \"type\": \"count\", \"enabled\": true, \"id\": \"1\", \"params\": {\"customLabel\": \"Password Changes\"}}], \"params\": {\"addTooltip\": true, \"addLegend\": false, \"metric\": {\"colorSchema\": \"Green to Red\", \"labels\": {\"show\": true}, \"invertColors\": false, \"metricColorMode\": \"None\", \"percentageMode\": false, \"style\": {\"bgColor\": false, \"fontSize\": 60, \"labelColor\": false, \"subText\": \"\", \"bgFill\": \"#000\"}, \"colorsRange\": [{\"from\": 0, \"to\": 10000, \"type\": \"range\"}], \"useRanges\": false}, \"dimensions\": {\"metrics\": [{\"format\": {\"params\": {}, \"id\": \"number\"}, \"type\": \"vis_dimension\", \"accessor\": 0}]}, \"type\": \"metric\"}, \"type\": \"metric\"}"
            },
            "id": "568a8130-bcde-11e9-b6a2-c9b4015c4baf",
            "migrationVersion": {
                "visualization": "7.4.2"
            },
            "references": [
                {
                    "id": "winlogbeat-*",
                    "name": "kibanaSavedObjectMeta.searchSourceJSON.index",
                    "type": "index-pattern"
                },
                {
                    "id": "winlogbeat-*",
                    "name": "kibanaSavedObjectMeta.searchSourceJSON.filter[0].meta.index",
                    "type": "index-pattern"
                }
            ],
            "type": "visualization",
            "updated_at": "2020-02-04T20:39:02.784Z",
            "version": "Wzg0LDFd"
        },
        {
            "attributes": {
                "description": "",
                "kibanaSavedObjectMeta": {
                    "searchSourceJSON": "{\"indexRefName\": \"kibanaSavedObjectMeta.searchSourceJSON.index\", \"filter\": [{\"$state\": {\"store\": \"appState\"}, \"query\": {\"match\": {\"event.code\": {\"type\": \"phrase\", \"query\": \"4767\"}}}, \"meta\": {\"negate\": false, \"value\": \"4767\", \"indexRefName\": \"kibanaSavedObjectMeta.searchSourceJSON.filter[0].meta.index\", \"params\": {\"query\": \"4767\"}, \"key\": \"event.code\", \"alias\": null, \"disabled\": false, \"type\": \"phrase\"}}], \"query\": {\"query\": \"\", \"language\": \"kuery\"}}"
                },
                "title": "Unlocked Users - Table [Winlogbeat Security]",
                "uiStateJSON": "{\"vis\": {\"params\": {\"sort\": {\"columnIndex\": null, \"direction\": null}}}}",
                "version": 1,
                "visState": "{\"title\": \"Unlocked Users - Table [Winlogbeat Security]\", \"aggs\": [{\"schema\": \"metric\", \"type\": \"count\", \"enabled\": true, \"id\": \"1\", \"params\": {}}, {\"schema\": \"bucket\", \"type\": \"terms\", \"enabled\": true, \"id\": \"2\", \"params\": {\"order\": \"desc\", \"missingBucket\": false, \"size\": 100, \"missingBucketLabel\": \"Missing\", \"field\": \"winlog.event_data.TargetUserName\", \"orderBy\": \"1\", \"otherBucketLabel\": \"Other\", \"otherBucket\": false, \"customLabel\": \"Unlocked User\"}}, {\"schema\": \"bucket\", \"type\": \"terms\", \"enabled\": true, \"id\": \"3\", \"params\": {\"order\": \"desc\", \"missingBucket\": true, \"size\": 5, \"missingBucketLabel\": \"Missing\", \"field\": \"winlog.event_data.SubjectUserName\", \"orderBy\": \"1\", \"otherBucketLabel\": \"Other\", \"otherBucket\": false, \"customLabel\": \"Performed by\"}}, {\"schema\": \"bucket\", \"type\": \"terms\", \"enabled\": true, \"id\": \"4\", \"params\": {\"order\": \"desc\", \"missingBucket\": false, \"size\": 5, \"missingBucketLabel\": \"Missing\", \"field\": \"winlog.logon.id\", \"orderBy\": \"1\", \"otherBucketLabel\": \"Other\", \"otherBucket\": false, \"customLabel\": \"Performer Logonid\"}}], \"params\": {\"perPage\": 10, \"showTotal\": false, \"sort\": {\"columnIndex\": null, \"direction\": null}, \"showMetricsAtAllLevels\": false, \"totalFunc\": \"sum\", \"dimensions\": {\"buckets\": [{\"aggType\": \"terms\", \"format\": {\"params\": {\"otherBucketLabel\": \"Other\", \"missingBucketLabel\": \"Missing\", \"id\": \"string\"}, \"id\": \"terms\"}, \"params\": {}, \"accessor\": 0}, {\"aggType\": \"terms\", \"format\": {\"params\": {\"otherBucketLabel\": \"Other\", \"missingBucketLabel\": \"Missing\", \"id\": \"string\"}, \"id\": \"terms\"}, \"params\": {}, \"accessor\": 1}, {\"aggType\": \"terms\", \"format\": {\"params\": {\"otherBucketLabel\": \"Other\", \"missingBucketLabel\": \"Missing\", \"id\": \"string\"}, \"id\": \"terms\"}, \"params\": {}, \"accessor\": 2}], \"metrics\": [{\"aggType\": \"count\", \"format\": {\"id\": \"number\"}, \"params\": {}, \"accessor\": 3}]}, \"showPartialRows\": false}, \"type\": \"table\"}"
            },
            "id": "da2110c0-bcea-11e9-b6a2-c9b4015c4baf",
            "migrationVersion": {
                "visualization": "7.4.2"
            },
            "references": [
                {
                    "id": "winlogbeat-*",
                    "name": "kibanaSavedObjectMeta.searchSourceJSON.index",
                    "type": "index-pattern"
                },
                {
                    "id": "winlogbeat-*",
                    "name": "kibanaSavedObjectMeta.searchSourceJSON.filter[0].meta.index",
                    "type": "index-pattern"
                }
            ],
            "type": "visualization",
            "updated_at": "2020-02-04T20:39:02.784Z",
            "version": "Wzg1LDFd"
        },
        {
            "attributes": {
                "description": "",
                "kibanaSavedObjectMeta": {
                    "searchSourceJSON": "{\"indexRefName\": \"kibanaSavedObjectMeta.searchSourceJSON.index\", \"filter\": [{\"$state\": {\"store\": \"appState\"}, \"query\": {\"match\": {\"event.code\": {\"type\": \"phrase\", \"query\": \"4738\"}}}, \"meta\": {\"negate\": false, \"value\": \"4738\", \"indexRefName\": \"kibanaSavedObjectMeta.searchSourceJSON.filter[0].meta.index\", \"params\": {\"query\": \"4738\"}, \"key\": \"event.code\", \"alias\": null, \"disabled\": false, \"type\": \"phrase\"}}], \"query\": {\"query\": \"\", \"language\": \"kuery\"}}"
                },
                "title": "Users Changes  Table [Winlogbeat Security]",
                "uiStateJSON": "{\"vis\": {\"params\": {\"sort\": {\"columnIndex\": null, \"direction\": null}}}}",
                "version": 1,
                "visState": "{\"title\": \"Users Changes  Table [Winlogbeat Security]\", \"aggs\": [{\"schema\": \"metric\", \"type\": \"count\", \"enabled\": true, \"id\": \"1\", \"params\": {}}, {\"schema\": \"bucket\", \"type\": \"terms\", \"enabled\": true, \"id\": \"2\", \"params\": {\"order\": \"desc\", \"missingBucket\": false, \"size\": 100, \"missingBucketLabel\": \"Missing\", \"field\": \"winlog.event_data.TargetUserName\", \"orderBy\": \"1\", \"otherBucketLabel\": \"Other\", \"otherBucket\": false, \"customLabel\": \"Changed  User\"}}, {\"schema\": \"bucket\", \"type\": \"terms\", \"enabled\": true, \"id\": \"3\", \"params\": {\"order\": \"desc\", \"missingBucket\": true, \"size\": 5, \"missingBucketLabel\": \"Missing\", \"field\": \"winlog.event_data.SubjectUserName\", \"orderBy\": \"1\", \"otherBucketLabel\": \"Other\", \"otherBucket\": false, \"customLabel\": \"Performed by\"}}, {\"schema\": \"bucket\", \"type\": \"terms\", \"enabled\": true, \"id\": \"4\", \"params\": {\"order\": \"desc\", \"missingBucket\": false, \"size\": 5, \"missingBucketLabel\": \"Missing\", \"field\": \"winlog.logon.id\", \"orderBy\": \"1\", \"otherBucketLabel\": \"Other\", \"otherBucket\": false, \"customLabel\": \"Performer LogonId\"}}], \"params\": {\"perPage\": 10, \"showTotal\": false, \"sort\": {\"columnIndex\": null, \"direction\": null}, \"showMetricsAtAllLevels\": false, \"totalFunc\": \"sum\", \"dimensions\": {\"buckets\": [{\"aggType\": \"terms\", \"format\": {\"params\": {\"otherBucketLabel\": \"Other\", \"missingBucketLabel\": \"Missing\", \"id\": \"string\"}, \"id\": \"terms\"}, \"params\": {}, \"accessor\": 0}, {\"aggType\": \"terms\", \"format\": {\"params\": {\"otherBucketLabel\": \"Other\", \"missingBucketLabel\": \"Missing\", \"id\": \"string\"}, \"id\": \"terms\"}, \"params\": {}, \"accessor\": 1}, {\"aggType\": \"terms\", \"format\": {\"params\": {\"otherBucketLabel\": \"Other\", \"missingBucketLabel\": \"Missing\", \"id\": \"string\"}, \"id\": \"terms\"}, \"params\": {}, \"accessor\": 2}], \"metrics\": [{\"aggType\": \"count\", \"format\": {\"id\": \"number\"}, \"params\": {}, \"accessor\": 3}]}, \"showPartialRows\": false}, \"type\": \"table\"}"
            },
            "id": "abf96c10-bcea-11e9-b6a2-c9b4015c4baf",
            "migrationVersion": {
                "visualization": "7.4.2"
            },
            "references": [
                {
                    "id": "winlogbeat-*",
                    "name": "kibanaSavedObjectMeta.searchSourceJSON.index",
                    "type": "index-pattern"
                },
                {
                    "id": "winlogbeat-*",
                    "name": "kibanaSavedObjectMeta.searchSourceJSON.filter[0].meta.index",
                    "type": "index-pattern"
                }
            ],
            "type": "visualization",
            "updated_at": "2020-02-04T20:39:02.784Z",
            "version": "Wzg2LDFd"
        },
        {
            "attributes": {
                "description": "",
                "kibanaSavedObjectMeta": {
                    "searchSourceJSON": "{\"indexRefName\": \"kibanaSavedObjectMeta.searchSourceJSON.index\", \"filter\": [{\"$state\": {\"store\": \"appState\"}, \"query\": {\"bool\": {\"minimum_should_match\": 1, \"should\": [{\"match_phrase\": {\"event.code\": \"4740\"}}]}}, \"meta\": {\"negate\": false, \"value\": \"4740\", \"indexRefName\": \"kibanaSavedObjectMeta.searchSourceJSON.filter[0].meta.index\", \"params\": [\"4740\"], \"key\": \"event.code\", \"alias\": null, \"disabled\": false, \"type\": \"phrases\"}}], \"query\": {\"query\": \"\", \"language\": \"kuery\"}}"
                },
                "title": "Users Unlocks - Simple Metric [Winlogbeat Security]",
                "uiStateJSON": "{}",
                "version": 1,
                "visState": "{\"title\": \"Users Unlocks - Simple Metric [Winlogbeat Security]\", \"aggs\": [{\"schema\": \"metric\", \"type\": \"count\", \"enabled\": true, \"id\": \"1\", \"params\": {\"customLabel\": \"Users Locked Out\"}}], \"params\": {\"addTooltip\": true, \"addLegend\": false, \"metric\": {\"colorSchema\": \"Green to Red\", \"labels\": {\"show\": true}, \"invertColors\": false, \"metricColorMode\": \"None\", \"percentageMode\": false, \"style\": {\"bgColor\": false, \"fontSize\": 60, \"labelColor\": false, \"subText\": \"\", \"bgFill\": \"#000\"}, \"colorsRange\": [{\"from\": 0, \"to\": 10000, \"type\": \"range\"}], \"useRanges\": false}, \"dimensions\": {\"metrics\": [{\"format\": {\"params\": {}, \"id\": \"number\"}, \"type\": \"vis_dimension\", \"accessor\": 0}]}, \"type\": \"metric\"}, \"type\": \"metric\"}"
            },
            "id": "84502430-bce8-11e9-b6a2-c9b4015c4baf",
            "migrationVersion": {
                "visualization": "7.4.2"
            },
            "references": [
                {
                    "id": "winlogbeat-*",
                    "name": "kibanaSavedObjectMeta.searchSourceJSON.index",
                    "type": "index-pattern"
                },
                {
                    "id": "winlogbeat-*",
                    "name": "kibanaSavedObjectMeta.searchSourceJSON.filter[0].meta.index",
                    "type": "index-pattern"
                }
            ],
            "type": "visualization",
            "updated_at": "2020-02-04T20:39:02.784Z",
            "version": "Wzg3LDFd"
        },
        {
            "attributes": {
                "description": "",
                "kibanaSavedObjectMeta": {
                    "searchSourceJSON": "{\"indexRefName\": \"kibanaSavedObjectMeta.searchSourceJSON.index\", \"filter\": [{\"$state\": {\"store\": \"appState\"}, \"query\": {\"bool\": {\"minimum_should_match\": 1, \"should\": [{\"match_phrase\": {\"event.code\": \"4767\"}}]}}, \"meta\": {\"negate\": false, \"value\": \"4767\", \"indexRefName\": \"kibanaSavedObjectMeta.searchSourceJSON.filter[0].meta.index\", \"params\": [\"4767\"], \"key\": \"event.code\", \"alias\": null, \"disabled\": false, \"type\": \"phrases\"}}], \"query\": {\"query\": \"\", \"language\": \"kuery\"}}"
                },
                "title": "Unlocked Users - Simple Metric [Winlogbeat Security]",
                "uiStateJSON": "{}",
                "version": 1,
                "visState": "{\"title\": \"Unlocked Users - Simple Metric [Winlogbeat Security]\", \"aggs\": [{\"schema\": \"metric\", \"type\": \"count\", \"enabled\": true, \"id\": \"1\", \"params\": {\"customLabel\": \"Users Unlocks\"}}], \"params\": {\"addTooltip\": true, \"addLegend\": false, \"metric\": {\"colorSchema\": \"Green to Red\", \"labels\": {\"show\": true}, \"invertColors\": false, \"metricColorMode\": \"None\", \"percentageMode\": false, \"style\": {\"bgColor\": false, \"fontSize\": 60, \"labelColor\": false, \"subText\": \"\", \"bgFill\": \"#000\"}, \"colorsRange\": [{\"from\": 0, \"to\": 10000, \"type\": \"range\"}], \"useRanges\": false}, \"dimensions\": {\"metrics\": [{\"format\": {\"params\": {}, \"id\": \"number\"}, \"type\": \"vis_dimension\", \"accessor\": 0}]}, \"type\": \"metric\"}, \"type\": \"metric\"}"
            },
            "id": "ab6f8d80-bce8-11e9-b6a2-c9b4015c4baf",
            "migrationVersion": {
                "visualization": "7.4.2"
            },
            "references": [
                {
                    "id": "winlogbeat-*",
                    "name": "kibanaSavedObjectMeta.searchSourceJSON.index",
                    "type": "index-pattern"
                },
                {
                    "id": "winlogbeat-*",
                    "name": "kibanaSavedObjectMeta.searchSourceJSON.filter[0].meta.index",
                    "type": "index-pattern"
                }
            ],
            "type": "visualization",
            "updated_at": "2020-02-04T20:39:02.784Z",
            "version": "Wzg4LDFd"
        },
        {
            "attributes": {
                "description": "",
                "kibanaSavedObjectMeta": {
                    "searchSourceJSON": "{\"indexRefName\": \"kibanaSavedObjectMeta.searchSourceJSON.index\", \"filter\": [{\"$state\": {\"store\": \"appState\"}, \"query\": {\"bool\": {\"minimum_should_match\": 1, \"should\": [{\"match_phrase\": {\"event.code\": \"4738\"}}]}}, \"meta\": {\"negate\": false, \"value\": \"4738\", \"indexRefName\": \"kibanaSavedObjectMeta.searchSourceJSON.filter[0].meta.index\", \"params\": [\"4738\"], \"key\": \"event.code\", \"alias\": null, \"disabled\": false, \"type\": \"phrases\"}}], \"query\": {\"query\": \"\", \"language\": \"kuery\"}}"
                },
                "title": "Users Changes - Simple Metric [Winlogbeat Security]",
                "uiStateJSON": "{}",
                "version": 1,
                "visState": "{\"title\": \"Users Changes - Simple Metric [Winlogbeat Security]\", \"aggs\": [{\"schema\": \"metric\", \"type\": \"count\", \"enabled\": true, \"id\": \"1\", \"params\": {\"customLabel\": \"Changes in Users\"}}], \"params\": {\"addTooltip\": true, \"addLegend\": false, \"metric\": {\"colorSchema\": \"Green to Red\", \"labels\": {\"show\": true}, \"invertColors\": false, \"metricColorMode\": \"None\", \"percentageMode\": false, \"style\": {\"bgColor\": false, \"fontSize\": 60, \"labelColor\": false, \"subText\": \"\", \"bgFill\": \"#000\"}, \"colorsRange\": [{\"from\": 0, \"to\": 10000, \"type\": \"range\"}], \"useRanges\": false}, \"dimensions\": {\"metrics\": [{\"format\": {\"params\": {}, \"id\": \"number\"}, \"type\": \"vis_dimension\", \"accessor\": 0}]}, \"type\": \"metric\"}, \"type\": \"metric\"}"
            },
            "id": "5d92b100-bce8-11e9-b6a2-c9b4015c4baf",
            "migrationVersion": {
                "visualization": "7.4.2"
            },
            "references": [
                {
                    "id": "winlogbeat-*",
                    "name": "kibanaSavedObjectMeta.searchSourceJSON.index",
                    "type": "index-pattern"
                },
                {
                    "id": "winlogbeat-*",
                    "name": "kibanaSavedObjectMeta.searchSourceJSON.filter[0].meta.index",
                    "type": "index-pattern"
                }
            ],
            "type": "visualization",
            "updated_at": "2020-02-04T20:39:02.784Z",
            "version": "Wzg5LDFd"
        },
        {
            "attributes": {
                "description": "",
                "kibanaSavedObjectMeta": {
                    "searchSourceJSON": "{\"indexRefName\": \"kibanaSavedObjectMeta.searchSourceJSON.index\", \"filter\": [{\"$state\": {\"store\": \"appState\"}, \"query\": {\"match\": {\"event.code\": {\"type\": \"phrase\", \"query\": \"4740\"}}}, \"meta\": {\"negate\": false, \"value\": \"4740\", \"indexRefName\": \"kibanaSavedObjectMeta.searchSourceJSON.filter[0].meta.index\", \"params\": {\"query\": \"4740\"}, \"key\": \"event.code\", \"alias\": null, \"disabled\": false, \"type\": \"phrase\"}}], \"query\": {\"query\": \"\", \"language\": \"kuery\"}}"
                },
                "title": "Users Locked Out - Table [Winlogbeat Security]",
                "uiStateJSON": "{\"vis\": {\"params\": {\"sort\": {\"columnIndex\": null, \"direction\": null}}}}",
                "version": 1,
                "visState": "{\"title\": \"Users Locked Out - Table [Winlogbeat Security]\", \"aggs\": [{\"schema\": \"metric\", \"type\": \"count\", \"enabled\": true, \"id\": \"1\", \"params\": {}}, {\"schema\": \"bucket\", \"type\": \"terms\", \"enabled\": true, \"id\": \"2\", \"params\": {\"order\": \"desc\", \"missingBucket\": false, \"size\": 100, \"missingBucketLabel\": \"Missing\", \"field\": \"winlog.event_data.TargetUserName\", \"orderBy\": \"1\", \"otherBucketLabel\": \"Other\", \"otherBucket\": false, \"customLabel\": \"Locked  User\"}}, {\"schema\": \"bucket\", \"type\": \"terms\", \"enabled\": true, \"id\": \"3\", \"params\": {\"order\": \"desc\", \"missingBucket\": true, \"size\": 5, \"missingBucketLabel\": \"Missing\", \"field\": \"winlog.event_data.SubjectUserName\", \"orderBy\": \"1\", \"otherBucketLabel\": \"Other\", \"otherBucket\": false, \"customLabel\": \"Performed by\"}}, {\"schema\": \"bucket\", \"type\": \"terms\", \"enabled\": true, \"id\": \"4\", \"params\": {\"order\": \"desc\", \"missingBucket\": false, \"size\": 5, \"missingBucketLabel\": \"Missing\", \"field\": \"winlog.logon.id\", \"orderBy\": \"1\", \"otherBucketLabel\": \"Other\", \"otherBucket\": false, \"customLabel\": \"Performer LogonId\"}}], \"params\": {\"perPage\": 10, \"showTotal\": false, \"sort\": {\"columnIndex\": null, \"direction\": null}, \"showMetricsAtAllLevels\": false, \"totalFunc\": \"sum\", \"dimensions\": {\"buckets\": [{\"aggType\": \"terms\", \"format\": {\"params\": {\"otherBucketLabel\": \"Other\", \"missingBucketLabel\": \"Missing\", \"id\": \"string\"}, \"id\": \"terms\"}, \"params\": {}, \"accessor\": 0}, {\"aggType\": \"terms\", \"format\": {\"params\": {\"otherBucketLabel\": \"Other\", \"missingBucketLabel\": \"Missing\", \"id\": \"string\"}, \"id\": \"terms\"}, \"params\": {}, \"accessor\": 1}, {\"aggType\": \"terms\", \"format\": {\"params\": {\"otherBucketLabel\": \"Other\", \"missingBucketLabel\": \"Missing\", \"id\": \"string\"}, \"id\": \"terms\"}, \"params\": {}, \"accessor\": 2}], \"metrics\": [{\"aggType\": \"count\", \"format\": {\"id\": \"number\"}, \"params\": {}, \"accessor\": 3}]}, \"showPartialRows\": false}, \"type\": \"table\"}"
            },
            "id": "4ac8f5f0-bcfe-11e9-b6a2-c9b4015c4baf",
            "migrationVersion": {
                "visualization": "7.4.2"
            },
            "references": [
                {
                    "id": "winlogbeat-*",
                    "name": "kibanaSavedObjectMeta.searchSourceJSON.index",
                    "type": "index-pattern"
                },
                {
                    "id": "winlogbeat-*",
                    "name": "kibanaSavedObjectMeta.searchSourceJSON.filter[0].meta.index",
                    "type": "index-pattern"
                }
            ],
            "type": "visualization",
            "updated_at": "2020-02-04T20:39:02.784Z",
            "version": "WzkwLDFd"
        },
        {
            "attributes": {
                "description": "",
                "kibanaSavedObjectMeta": {
                    "searchSourceJSON": "{\"indexRefName\": \"kibanaSavedObjectMeta.searchSourceJSON.index\", \"filter\": [{\"$state\": {\"store\": \"appState\"}, \"query\": {\"bool\": {\"minimum_should_match\": 1, \"should\": [{\"match_phrase\": {\"event.code\": \"4720\"}}, {\"match_phrase\": {\"event.code\": \"4722\"}}, {\"match_phrase\": {\"event.code\": \"4723\"}}, {\"match_phrase\": {\"event.code\": \"4724\"}}, {\"match_phrase\": {\"event.code\": \"4725\"}}, {\"match_phrase\": {\"event.code\": \"4726\"}}, {\"match_phrase\": {\"event.code\": \"4738\"}}, {\"match_phrase\": {\"event.code\": \"4740\"}}, {\"match_phrase\": {\"event.code\": \"4767\"}}, {\"match_phrase\": {\"event.code\": \"4781\"}}, {\"match_phrase\": {\"event.code\": \"4798\"}}]}}, \"meta\": {\"negate\": false, \"value\": \"4720, 4722, 4723, 4724, 4725, 4726, 4738, 4740, 4767, 4781, 4798\", \"indexRefName\": \"kibanaSavedObjectMeta.searchSourceJSON.filter[0].meta.index\", \"params\": [\"4720\", \"4722\", \"4723\", \"4724\", \"4725\", \"4726\", \"4738\", \"4740\", \"4767\", \"4781\", \"4798\"], \"key\": \"event.code\", \"alias\": null, \"disabled\": false, \"type\": \"phrases\"}}], \"query\": {\"query\": \"\", \"language\": \"kuery\"}}"
                },
                "title": "Event Distribution in time [Winlogbeat Security]",
                "uiStateJSON": "{}",
                "version": 1,
                "visState": "{\"title\": \"Event Distribution in time [Winlogbeat Security]\", \"aggs\": [{\"schema\": \"metric\", \"type\": \"count\", \"enabled\": true, \"id\": \"1\", \"params\": {}}, {\"schema\": \"segment\", \"type\": \"date_histogram\", \"enabled\": true, \"id\": \"2\", \"params\": {\"extended_bounds\": {}, \"min_doc_count\": 1, \"field\": \"@timestamp\", \"useNormalizedEsInterval\": true, \"drop_partials\": false, \"timeRange\": {\"from\": \"now-45d\", \"to\": \"now\"}, \"interval\": \"auto\"}}, {\"schema\": \"group\", \"type\": \"terms\", \"enabled\": true, \"id\": \"3\", \"params\": {\"order\": \"desc\", \"missingBucket\": false, \"size\": 5, \"missingBucketLabel\": \"Missing\", \"field\": \"event.action\", \"orderBy\": \"1\", \"otherBucketLabel\": \"Other\", \"otherBucket\": false}}], \"params\": {\"labels\": {\"show\": true}, \"dimensions\": {\"series\": [{\"aggType\": \"filters\", \"format\": {}, \"params\": {}, \"accessor\": 1}], \"y\": [{\"aggType\": \"count\", \"format\": {\"id\": \"number\"}, \"params\": {}, \"accessor\": 2}], \"x\": {\"aggType\": \"date_histogram\", \"format\": {\"params\": {\"pattern\": \"YYYY-MM-DD HH:mm\"}, \"id\": \"date\"}, \"params\": {\"bounds\": {\"max\": \"2019-11-04T14:10:39.628Z\", \"min\": \"2019-09-20T13:10:39.628Z\"}, \"date\": true, \"format\": \"YYYY-MM-DD HH:mm\", \"interval\": \"PT12H\"}, \"accessor\": 0}}, \"addLegend\": true, \"legendPosition\": \"bottom\", \"valueAxes\": [{\"labels\": {\"show\": true, \"filter\": false, \"rotate\": 0, \"truncate\": 100}, \"show\": true, \"type\": \"value\", \"id\": \"ValueAxis-1\", \"position\": \"left\", \"title\": {\"text\": \"Count\"}, \"style\": {}, \"scale\": {\"mode\": \"normal\", \"type\": \"linear\"}, \"name\": \"LeftAxis-1\"}], \"grid\": {\"categoryLines\": false}, \"addTimeMarker\": false, \"categoryAxes\": [{\"labels\": {\"show\": true, \"filter\": true, \"truncate\": 100}, \"show\": true, \"type\": \"category\", \"id\": \"CategoryAxis-1\", \"position\": \"bottom\", \"title\": {}, \"style\": {}, \"scale\": {\"type\": \"linear\"}}], \"times\": [], \"type\": \"histogram\", \"addTooltip\": true, \"seriesParams\": [{\"show\": \"true\", \"mode\": \"stacked\", \"type\": \"histogram\", \"drawLinesBetweenPoints\": true, \"showCircles\": true, \"data\": {\"label\": \"Count\", \"id\": \"1\"}, \"valueAxis\": \"ValueAxis-1\"}]}, \"type\": \"histogram\"}"
            },
            "id": "8f723a10-bd97-11e9-b9c5-fddc96658612",
            "migrationVersion": {
                "visualization": "7.4.2"
            },
            "references": [
                {
                    "id": "winlogbeat-*",
                    "name": "kibanaSavedObjectMeta.searchSourceJSON.index",
                    "type": "index-pattern"
                },
                {
                    "id": "winlogbeat-*",
                    "name": "kibanaSavedObjectMeta.searchSourceJSON.filter[0].meta.index",
                    "type": "index-pattern"
                }
            ],
            "type": "visualization",
            "updated_at": "2020-02-04T20:39:02.784Z",
            "version": "WzkxLDFd"
        },
        {
            "attributes": {
                "columns": [
                    "user.name",
                    "source.domain",
                    "source.ip",
                    "winlog.logon.id",
                    "winlog.logon.type"
                ],
                "description": "",
                "hits": 0,
                "kibanaSavedObjectMeta": {
                    "searchSourceJSON": "{\"highlightAll\": true, \"indexRefName\": \"kibanaSavedObjectMeta.searchSourceJSON.index\", \"filter\": [{\"$state\": {\"store\": \"appState\"}, \"query\": {\"bool\": {\"minimum_should_match\": 1, \"should\": [{\"match_phrase\": {\"event.code\": \"4624\"}}]}}, \"meta\": {\"negate\": false, \"value\": \"4624\", \"indexRefName\": \"kibanaSavedObjectMeta.searchSourceJSON.filter[0].meta.index\", \"params\": [\"4624\"], \"key\": \"event.code\", \"alias\": null, \"disabled\": false, \"type\": \"phrases\"}}], \"query\": {\"query\": \"\", \"language\": \"kuery\"}, \"version\": true}"
                },
                "sort": [
                    [
                        "@timestamp",
                        "desc"
                    ]
                ],
                "title": "Logon Details [Winlogbeat Security]",
                "version": 1
            },
            "id": "7e178c80-fee1-11e9-8405-516218e3d268",
            "migrationVersion": {
                "search": "7.4.0"
            },
            "references": [
                {
                    "id": "winlogbeat-*",
                    "name": "kibanaSavedObjectMeta.searchSourceJSON.index",
                    "type": "index-pattern"
                },
                {
                    "id": "winlogbeat-*",
                    "name": "kibanaSavedObjectMeta.searchSourceJSON.filter[0].meta.index",
                    "type": "index-pattern"
                }
            ],
            "type": "search",
            "updated_at": "2020-02-04T20:39:02.784Z",
            "version": "WzkyLDFd"
        },
        {
            "attributes": {
                "columns": [
                    "event.action",
                    "winlog.event_data.TargetUserName",
                    "user.domain",
                    "winlog.event_data.SubjectUserName",
                    "winlog.event_data.SubjectDomainName",
                    "winlog.logon.id",
                    "related.user"
                ],
                "description": "",
                "hits": 0,
                "kibanaSavedObjectMeta": {
                    "searchSourceJSON": "{\"highlightAll\": true, \"indexRefName\": \"kibanaSavedObjectMeta.searchSourceJSON.index\", \"filter\": [{\"$state\": {\"store\": \"appState\"}, \"query\": {\"bool\": {\"minimum_should_match\": 1, \"should\": [{\"match_phrase\": {\"event.code\": \"4720\"}}, {\"match_phrase\": {\"event.code\": \"4722\"}}, {\"match_phrase\": {\"event.code\": \"4723\"}}, {\"match_phrase\": {\"event.code\": \"4724\"}}, {\"match_phrase\": {\"event.code\": \"4725\"}}, {\"match_phrase\": {\"event.code\": \"4726\"}}, {\"match_phrase\": {\"event.code\": \"4738\"}}, {\"match_phrase\": {\"event.code\": \"4740\"}}, {\"match_phrase\": {\"event.code\": \"4767\"}}, {\"match_phrase\": {\"event.code\": \"4781\"}}]}}, \"meta\": {\"negate\": false, \"value\": \"4720, 4722, 4723, 4724, 4725, 4726, 4738, 4740, 4767, 4781\", \"indexRefName\": \"kibanaSavedObjectMeta.searchSourceJSON.filter[0].meta.index\", \"params\": [\"4720\", \"4722\", \"4723\", \"4724\", \"4725\", \"4726\", \"4738\", \"4740\", \"4767\", \"4781\"], \"key\": \"event.code\", \"alias\": null, \"disabled\": false, \"type\": \"phrases\"}}], \"query\": {\"query\": \"\", \"language\": \"lucene\"}, \"version\": true}"
                },
                "sort": [
                    [
                        "@timestamp",
                        "desc"
                    ]
                ],
                "title": "User management Details - Search [Winlogbeat Security]",
                "version": 1
            },
            "id": "324686c0-fefb-11e9-8405-516218e3d268",
            "migrationVersion": {
                "search": "7.4.0"
            },
            "references": [
                {
                    "id": "winlogbeat-*",
                    "name": "kibanaSavedObjectMeta.searchSourceJSON.index",
                    "type": "index-pattern"
                },
                {
                    "id": "winlogbeat-*",
                    "name": "kibanaSavedObjectMeta.searchSourceJSON.filter[0].meta.index",
                    "type": "index-pattern"
                }
            ],
            "type": "search",
            "updated_at": "2020-02-04T20:39:02.784Z",
            "version": "WzkzLDFd"
        },
        {
            "attributes": {
                "description": "",
                "kibanaSavedObjectMeta": {
                    "searchSourceJSON": "{\"indexRefName\": \"kibanaSavedObjectMeta.searchSourceJSON.index\", \"filter\": [{\"$state\": {\"store\": \"appState\"}, \"query\": {\"bool\": {\"minimum_should_match\": 1, \"should\": [{\"match_phrase\": {\"event.code\": \"4781\"}}]}}, \"meta\": {\"negate\": false, \"value\": \"4781\", \"indexRefName\": \"kibanaSavedObjectMeta.searchSourceJSON.filter[0].meta.index\", \"params\": [\"4781\"], \"key\": \"event.code\", \"alias\": null, \"disabled\": false, \"type\": \"phrases\"}}], \"query\": {\"query\": \"\", \"language\": \"kuery\"}}"
                },
                "title": "Users Renamed - Simple Metric [Winlogbeat Security]",
                "uiStateJSON": "{}",
                "version": 1,
                "visState": "{\"title\": \"Users Renamed - Simple Metric [Winlogbeat Security]\", \"aggs\": [{\"schema\": \"metric\", \"type\": \"count\", \"enabled\": true, \"id\": \"1\", \"params\": {\"customLabel\": \"Renamed Users\"}}], \"params\": {\"addTooltip\": true, \"addLegend\": false, \"metric\": {\"colorSchema\": \"Green to Red\", \"labels\": {\"show\": true}, \"invertColors\": false, \"metricColorMode\": \"None\", \"percentageMode\": false, \"style\": {\"bgColor\": false, \"fontSize\": 60, \"labelColor\": false, \"subText\": \"\", \"bgFill\": \"#000\"}, \"colorsRange\": [{\"from\": 0, \"to\": 10000, \"type\": \"range\"}], \"useRanges\": false}, \"dimensions\": {\"metrics\": [{\"format\": {\"params\": {}, \"id\": \"number\"}, \"type\": \"vis_dimension\", \"accessor\": 0}]}, \"type\": \"metric\"}, \"type\": \"metric\"}"
            },
            "id": "5e19ff80-231c-11ea-8405-516218e3d268",
            "migrationVersion": {
                "visualization": "7.4.2"
            },
            "references": [
                {
                    "id": "winlogbeat-*",
                    "name": "kibanaSavedObjectMeta.searchSourceJSON.index",
                    "type": "index-pattern"
                },
                {
                    "id": "winlogbeat-*",
                    "name": "kibanaSavedObjectMeta.searchSourceJSON.filter[0].meta.index",
                    "type": "index-pattern"
                }
            ],
            "type": "visualization",
            "updated_at": "2020-02-04T20:39:02.784Z",
            "version": "Wzk0LDFd"
        },
        {
            "attributes": {
                "description": "",
                "kibanaSavedObjectMeta": {
                    "searchSourceJSON": "{\"indexRefName\": \"kibanaSavedObjectMeta.searchSourceJSON.index\", \"filter\": [{\"$state\": {\"store\": \"appState\"}, \"query\": {\"match\": {\"event.code\": {\"type\": \"phrase\", \"query\": \"4781\"}}}, \"meta\": {\"negate\": false, \"value\": \"4781\", \"indexRefName\": \"kibanaSavedObjectMeta.searchSourceJSON.filter[0].meta.index\", \"params\": {\"query\": \"4781\"}, \"key\": \"event.code\", \"alias\": null, \"disabled\": false, \"type\": \"phrase\"}}], \"query\": {\"query\": \"\", \"language\": \"kuery\"}}"
                },
                "title": "Users Renamed - Table [Winlogbeat Security]",
                "uiStateJSON": "{\"vis\": {\"params\": {\"sort\": {\"columnIndex\": null, \"direction\": null}}}}",
                "version": 1,
                "visState": "{\"title\": \"Users Renamed - Table [Winlogbeat Security]\", \"aggs\": [{\"schema\": \"metric\", \"type\": \"count\", \"enabled\": true, \"id\": \"1\", \"params\": {}}, {\"schema\": \"bucket\", \"type\": \"terms\", \"enabled\": true, \"id\": \"2\", \"params\": {\"order\": \"desc\", \"missingBucket\": false, \"size\": 100, \"missingBucketLabel\": \"Missing\", \"field\": \"winlog.event_data.OldTargetUserName\", \"orderBy\": \"1\", \"otherBucketLabel\": \"Other\", \"otherBucket\": false, \"customLabel\": \"Old User Name\"}}, {\"schema\": \"bucket\", \"type\": \"terms\", \"enabled\": true, \"id\": \"3\", \"params\": {\"order\": \"desc\", \"missingBucket\": true, \"size\": 5, \"missingBucketLabel\": \"Missing\", \"field\": \"winlog.event_data.SubjectUserName\", \"orderBy\": \"1\", \"otherBucketLabel\": \"Other\", \"otherBucket\": false, \"customLabel\": \"Performed by\"}}, {\"schema\": \"bucket\", \"type\": \"terms\", \"enabled\": true, \"id\": \"4\", \"params\": {\"order\": \"desc\", \"missingBucket\": false, \"size\": 5, \"missingBucketLabel\": \"Missing\", \"field\": \"winlog.logon.id\", \"orderBy\": \"1\", \"otherBucketLabel\": \"Other\", \"otherBucket\": false, \"customLabel\": \"Performer LogonId\"}}], \"params\": {\"perPage\": 10, \"showTotal\": false, \"sort\": {\"columnIndex\": null, \"direction\": null}, \"showMetricsAtAllLevels\": false, \"totalFunc\": \"sum\", \"dimensions\": {\"buckets\": [{\"aggType\": \"terms\", \"format\": {\"params\": {\"otherBucketLabel\": \"Other\", \"missingBucketLabel\": \"Missing\", \"id\": \"string\"}, \"id\": \"terms\"}, \"params\": {}, \"accessor\": 0}, {\"aggType\": \"terms\", \"format\": {\"params\": {\"otherBucketLabel\": \"Other\", \"missingBucketLabel\": \"Missing\", \"id\": \"string\"}, \"id\": \"terms\"}, \"params\": {}, \"accessor\": 1}, {\"aggType\": \"terms\", \"format\": {\"params\": {\"otherBucketLabel\": \"Other\", \"missingBucketLabel\": \"Missing\", \"id\": \"string\"}, \"id\": \"terms\"}, \"params\": {}, \"accessor\": 2}], \"metrics\": [{\"aggType\": \"count\", \"format\": {\"id\": \"number\"}, \"params\": {}, \"accessor\": 3}]}, \"showPartialRows\": false}, \"type\": \"table\"}"
            },
            "id": "fa876300-231a-11ea-8405-516218e3d268",
            "migrationVersion": {
                "visualization": "7.4.2"
            },
            "references": [
                {
                    "id": "winlogbeat-*",
                    "name": "kibanaSavedObjectMeta.searchSourceJSON.index",
                    "type": "index-pattern"
                },
                {
                    "id": "winlogbeat-*",
                    "name": "kibanaSavedObjectMeta.searchSourceJSON.filter[0].meta.index",
                    "type": "index-pattern"
                }
            ],
            "type": "visualization",
            "updated_at": "2020-02-04T20:39:02.784Z",
            "version": "Wzk1LDFd"
        }
    ],
    "version": "7.5.2"
}