{
    "objects": [
        {
            "attributes": {
                "description": "Overview dashboard por powershell module.",
                "hits": 0,
                "kibanaSavedObjectMeta": {
                    "searchSourceJSON": "{\"filter\": [], \"query\": {\"query\": \"\", \"language\": \"kuery\"}}"
                },
                "optionsJSON": "{\"useMargins\": true, \"hidePanelTitles\": false}",
                "panelsJSON": "[{\"gridData\": {\"h\": 8, \"w\": 13, \"y\": 0, \"i\": \"fa41e799-b6b3-49ec-a11c-3f20231a4a79\", \"x\": 0}, \"version\": \"7.6.0\", \"panelRefName\": \"panel_0\", \"panelIndex\": \"fa41e799-b6b3-49ec-a11c-3f20231a4a79\", \"embeddableConfig\": {}}, {\"gridData\": {\"h\": 6, \"w\": 7, \"y\": 0, \"i\": \"65ce6b63-6ce0-4094-ab23-189126fc169f\", \"x\": 13}, \"version\": \"7.6.0\", \"panelRefName\": \"panel_1\", \"panelIndex\": \"65ce6b63-6ce0-4094-ab23-189126fc169f\", \"embeddableConfig\": {}}, {\"gridData\": {\"h\": 6, \"w\": 8, \"y\": 0, \"i\": \"314e6f55-a05a-4ae3-ab76-bcae7f2074ab\", \"x\": 20}, \"version\": \"7.6.0\", \"panelRefName\": \"panel_2\", \"panelIndex\": \"314e6f55-a05a-4ae3-ab76-bcae7f2074ab\", \"embeddableConfig\": {}}, {\"gridData\": {\"h\": 6, \"w\": 7, \"y\": 0, \"i\": \"a1f161f6-1abe-4177-9ede-4d1984f5a963\", \"x\": 28}, \"version\": \"7.6.0\", \"panelRefName\": \"panel_3\", \"panelIndex\": \"a1f161f6-1abe-4177-9ede-4d1984f5a963\", \"embeddableConfig\": {}}, {\"gridData\": {\"h\": 6, \"w\": 4, \"y\": 0, \"i\": \"6b7ed122-22f3-4e9d-89eb-8de92c0d2033\", \"x\": 35}, \"version\": \"7.6.0\", \"panelRefName\": \"panel_4\", \"panelIndex\": \"6b7ed122-22f3-4e9d-89eb-8de92c0d2033\", \"embeddableConfig\": {}}, {\"gridData\": {\"h\": 6, \"w\": 4, \"y\": 0, \"i\": \"d536f6a7-ad28-4a32-9319-9e0b983828bf\", \"x\": 39}, \"version\": \"7.6.0\", \"panelRefName\": \"panel_5\", \"panelIndex\": \"d536f6a7-ad28-4a32-9319-9e0b983828bf\", \"embeddableConfig\": {}}, {\"gridData\": {\"h\": 6, \"w\": 4, \"y\": 0, \"i\": \"eda6d08f-b45e-448a-bf9f-afa5516d4b4b\", \"x\": 43}, \"version\": \"7.6.0\", \"panelRefName\": \"panel_6\", \"panelIndex\": \"eda6d08f-b45e-448a-bf9f-afa5516d4b4b\", \"embeddableConfig\": {}}, {\"gridData\": {\"h\": 10, \"w\": 10, \"y\": 6, \"i\": \"56d2dd76-6fec-422b-96e9-22791b0c5f0c\", \"x\": 13}, \"version\": \"7.6.0\", \"panelRefName\": \"panel_7\", \"panelIndex\": \"56d2dd76-6fec-422b-96e9-22791b0c5f0c\", \"embeddableConfig\": {}}, {\"gridData\": {\"h\": 7, \"w\": 12, \"y\": 6, \"i\": \"3e4a9683-fd6a-4ad7-b05f-c71bcb4d92d5\", \"x\": 23}, \"version\": \"7.6.0\", \"panelRefName\": \"panel_8\", \"panelIndex\": \"3e4a9683-fd6a-4ad7-b05f-c71bcb4d92d5\", \"embeddableConfig\": {}}, {\"gridData\": {\"h\": 7, \"w\": 12, \"y\": 6, \"i\": \"a8c00572-667b-4e39-8b0c-10be56fbadd5\", \"x\": 35}, \"version\": \"7.6.0\", \"panelRefName\": \"panel_9\", \"panelIndex\": \"a8c00572-667b-4e39-8b0c-10be56fbadd5\", \"embeddableConfig\": {}}, {\"gridData\": {\"h\": 8, \"w\": 13, \"y\": 8, \"i\": \"e8a57cba-14d2-4cd9-a727-f5e30165f6ba\", \"x\": 0}, \"version\": \"7.6.0\", \"panelRefName\": \"panel_10\", \"panelIndex\": \"e8a57cba-14d2-4cd9-a727-f5e30165f6ba\", \"embeddableConfig\": {}}, {\"gridData\": {\"h\": 7, \"w\": 12, \"y\": 13, \"i\": \"8ae39cfa-cb06-45eb-880e-b749c3355d61\", \"x\": 23}, \"version\": \"7.6.0\", \"panelRefName\": \"panel_11\", \"panelIndex\": \"8ae39cfa-cb06-45eb-880e-b749c3355d61\", \"embeddableConfig\": {}}, {\"gridData\": {\"h\": 7, \"w\": 12, \"y\": 13, \"i\": \"ef92d192-b56d-476c-b640-e226679ed178\", \"x\": 35}, \"version\": \"7.6.0\", \"panelRefName\": \"panel_12\", \"panelIndex\": \"ef92d192-b56d-476c-b640-e226679ed178\", \"embeddableConfig\": {}}, {\"gridData\": {\"h\": 11, \"w\": 13, \"y\": 16, \"i\": \"b15dcac5-3616-4b41-8abb-cb28398b16f4\", \"x\": 0}, \"version\": \"7.6.0\", \"panelRefName\": \"panel_13\", \"panelIndex\": \"b15dcac5-3616-4b41-8abb-cb28398b16f4\", \"embeddableConfig\": {}}, {\"gridData\": {\"h\": 11, \"w\": 10, \"y\": 16, \"i\": \"23af61c8-6a45-4d7d-9905-8ed265328130\", \"x\": 13}, \"version\": \"7.6.0\", \"panelRefName\": \"panel_14\", \"panelIndex\": \"23af61c8-6a45-4d7d-9905-8ed265328130\", \"embeddableConfig\": {}}, {\"gridData\": {\"h\": 7, \"w\": 12, \"y\": 20, \"i\": \"390068ed-b7fb-4ec1-87d5-e89f7cc82e04\", \"x\": 23}, \"version\": \"7.6.0\", \"panelRefName\": \"panel_15\", \"panelIndex\": \"390068ed-b7fb-4ec1-87d5-e89f7cc82e04\", \"embeddableConfig\": {}}, {\"gridData\": {\"h\": 7, \"w\": 12, \"y\": 20, \"i\": \"45724dca-fea2-4f3b-af79-cf89bb12a31b\", \"x\": 35}, \"version\": \"7.6.0\", \"panelRefName\": \"panel_16\", \"panelIndex\": \"45724dca-fea2-4f3b-af79-cf89bb12a31b\", \"embeddableConfig\": {}}, {\"gridData\": {\"h\": 14, \"w\": 47, \"y\": 27, \"i\": \"7f0c4a51-d972-42a5-ba0a-d3de814c7440\", \"x\": 0}, \"version\": \"7.6.0\", \"panelRefName\": \"panel_17\", \"panelIndex\": \"7f0c4a51-d972-42a5-ba0a-d3de814c7440\", \"embeddableConfig\": {}}]",
                "timeRestore": false,
                "title": "[Winlogbeat powershell] Overview",
                "version": 1
            },
            "id": "c77e06c0-9e7c-11ea-af6f-cfdb1ee1d6c8",
            "migrationVersion": {
                "dashboard": "7.3.0"
            },
            "references": [
                {
                    "id": "9ec52c30-9e91-11ea-af6f-cfdb1ee1d6c8",
                    "name": "panel_0",
                    "type": "visualization"
                },
                {
                    "id": "52543ef0-9e95-11ea-af6f-cfdb1ee1d6c8",
                    "name": "panel_1",
                    "type": "visualization"
                },
                {
                    "id": "7f3e7710-9e94-11ea-af6f-cfdb1ee1d6c8",
                    "name": "panel_2",
                    "type": "visualization"
                },
                {
                    "id": "78874900-9f30-11ea-bef1-95118e62a7c1",
                    "name": "panel_3",
                    "type": "visualization"
                },
                {
                    "id": "e64ff750-9f28-11ea-bef1-95118e62a7c1",
                    "name": "panel_4",
                    "type": "visualization"
                },
                {
                    "id": "2dbabdf0-9f29-11ea-bef1-95118e62a7c1",
                    "name": "panel_5",
                    "type": "visualization"
                },
                {
                    "id": "92a2a6b0-9f29-11ea-bef1-95118e62a7c1",
                    "name": "panel_6",
                    "type": "visualization"
                },
                {
                    "id": "e20b3940-9e9a-11ea-af6f-cfdb1ee1d6c8",
                    "name": "panel_7",
                    "type": "visualization"
                },
                {
                    "id": "1eeaaf70-9f23-11ea-bef1-95118e62a7c1",
                    "name": "panel_8",
                    "type": "visualization"
                },
                {
                    "id": "f9fa55f0-9f34-11ea-bef1-95118e62a7c1",
                    "name": "panel_9",
                    "type": "visualization"
                },
                {
                    "id": "3e55daa0-9e8e-11ea-af6f-cfdb1ee1d6c8",
                    "name": "panel_10",
                    "type": "visualization"
                },
                {
                    "id": "d27dea70-9f32-11ea-bef1-95118e62a7c1",
                    "name": "panel_11",
                    "type": "visualization"
                },
                {
                    "id": "fbb025e0-9e7c-11ea-af6f-cfdb1ee1d6c8",
                    "name": "panel_12",
                    "type": "visualization"
                },
                {
                    "id": "7adbce50-9e96-11ea-af6f-cfdb1ee1d6c8",
                    "name": "panel_13",
                    "type": "visualization"
                },
                {
                    "id": "70751050-9f33-11ea-bef1-95118e62a7c1",
                    "name": "panel_14",
                    "type": "visualization"
                },
                {
                    "id": "b0c5d570-9e7c-11ea-af6f-cfdb1ee1d6c8",
                    "name": "panel_15",
                    "type": "visualization"
                },
                {
                    "id": "c0945210-9e8b-11ea-af6f-cfdb1ee1d6c8",
                    "name": "panel_16",
                    "type": "visualization"
                },
                {
                    "id": "11a61760-9f27-11ea-bef1-95118e62a7c1",
                    "name": "panel_17",
                    "type": "search"
                }
            ],
            "type": "dashboard",
            "updated_at": "2020-05-26T12:55:23.284Z",
            "version": "WzczLDFd"
        },
        {
            "attributes": {
                "description": "",
                "kibanaSavedObjectMeta": {
                    "searchSourceJSON": "{\"indexRefName\": \"kibanaSavedObjectMeta.searchSourceJSON.index\", \"filter\": [], \"query\": {\"query\": \"winlog.provider_name : \\\"PowerShell\\\" or winlog.provider_name : \\\"Microsoft-Windows-PowerShell\\\" \", \"language\": \"kuery\"}}"
                },
                "title": "Connected users [Winlogbeat powershell]",
                "uiStateJSON": "{\"vis\": {\"params\": {\"sort\": {\"columnIndex\": null, \"direction\": null}}}}",
                "version": 1,
                "visState": "{\"title\": \"Connected users [Winlogbeat powershell]\", \"aggs\": [{\"schema\": \"metric\", \"type\": \"count\", \"enabled\": true, \"id\": \"1\", \"params\": {}}, {\"schema\": \"bucket\", \"type\": \"terms\", \"enabled\": true, \"id\": \"2\", \"params\": {\"order\": \"desc\", \"missingBucket\": false, \"size\": 5, \"missingBucketLabel\": \"Missing\", \"field\": \"powershell.connected_user.name\", \"orderBy\": \"4\", \"otherBucketLabel\": \"Other\", \"otherBucket\": false, \"customLabel\": \"User\"}}, {\"schema\": \"metric\", \"type\": \"cardinality\", \"enabled\": true, \"id\": \"4\", \"params\": {\"field\": \"host.name\", \"customLabel\": \"Host count\"}}], \"params\": {\"perPage\": 10, \"percentageCol\": \"\", \"showMetricsAtAllLevels\": false, \"sort\": {\"columnIndex\": null, \"direction\": null}, \"showTotal\": false, \"totalFunc\": \"sum\", \"dimensions\": {\"buckets\": [{\"aggType\": \"terms\", \"label\": \"User\", \"format\": {\"params\": {\"otherBucketLabel\": \"Other\", \"parsedUrl\": {\"pathname\": \"/app/kibana\", \"basePath\": \"\", \"origin\": \"http://192.168.1.48:5601\"}, \"missingBucketLabel\": \"Missing\", \"id\": \"string\"}, \"id\": \"terms\"}, \"params\": {}, \"accessor\": 0}], \"metrics\": [{\"aggType\": \"count\", \"label\": \"Count\", \"format\": {\"id\": \"number\"}, \"params\": {}, \"accessor\": 1}, {\"aggType\": \"cardinality\", \"label\": \"Unique count of host.name\", \"format\": {\"id\": \"number\"}, \"params\": {}, \"accessor\": 2}]}, \"showPartialRows\": false}, \"type\": \"table\"}"
            },
            "id": "9ec52c30-9e91-11ea-af6f-cfdb1ee1d6c8",
            "migrationVersion": {
                "visualization": "7.4.2"
            },
            "references": [
                {
                    "id": "winlogbeat-*",
                    "name": "kibanaSavedObjectMeta.searchSourceJSON.index",
                    "type": "index-pattern"
                }
            ],
            "type": "visualization",
            "updated_at": "2020-05-26T12:55:23.284Z",
            "version": "Wzc0LDFd"
        },
        {
            "attributes": {
                "description": "",
                "kibanaSavedObjectMeta": {
                    "searchSourceJSON": "{\"indexRefName\": \"kibanaSavedObjectMeta.searchSourceJSON.index\", \"filter\": [], \"query\": {\"query\": \"winlog.provider_name : \\\"PowerShell\\\" or winlog.provider_name : \\\"Microsoft-Windows-PowerShell\\\" \", \"language\": \"kuery\"}}"
                },
                "title": "Total engine started [Winlogbeat powershell]",
                "uiStateJSON": "{}",
                "version": 1,
                "visState": "{\"title\": \"Total engine started [Winlogbeat powershell]\", \"aggs\": [{\"schema\": \"metric\", \"type\": \"count\", \"enabled\": true, \"id\": \"1\", \"params\": {}}, {\"schema\": \"group\", \"type\": \"filters\", \"enabled\": true, \"id\": \"2\", \"params\": {\"filters\": [{\"label\": \"\", \"input\": {\"query\": \"event.code: 400\", \"language\": \"kuery\"}}]}}], \"params\": {\"addTooltip\": true, \"addLegend\": false, \"metric\": {\"colorSchema\": \"Green to Red\", \"labels\": {\"show\": true}, \"invertColors\": false, \"metricColorMode\": \"None\", \"percentageMode\": false, \"style\": {\"bgColor\": false, \"fontSize\": 32, \"labelColor\": false, \"subText\": \"\", \"bgFill\": \"#000\"}, \"colorsRange\": [{\"from\": 0, \"to\": 10000, \"type\": \"range\"}], \"useRanges\": false}, \"dimensions\": {\"bucket\": {\"format\": {\"params\": {}, \"id\": \"string\"}, \"type\": \"vis_dimension\", \"accessor\": 0}, \"metrics\": [{\"format\": {\"params\": {}, \"id\": \"number\"}, \"type\": \"vis_dimension\", \"accessor\": 1}]}, \"type\": \"metric\"}, \"type\": \"metric\"}"
            },
            "id": "52543ef0-9e95-11ea-af6f-cfdb1ee1d6c8",
            "migrationVersion": {
                "visualization": "7.4.2"
            },
            "references": [
                {
                    "id": "winlogbeat-*",
                    "name": "kibanaSavedObjectMeta.searchSourceJSON.index",
                    "type": "index-pattern"
                }
            ],
            "type": "visualization",
            "updated_at": "2020-05-26T12:55:23.284Z",
            "version": "Wzc1LDFd"
        },
        {
            "attributes": {
                "description": "",
                "kibanaSavedObjectMeta": {
                    "searchSourceJSON": "{\"indexRefName\": \"kibanaSavedObjectMeta.searchSourceJSON.index\", \"filter\": [], \"query\": {\"query\": \"winlog.provider_name : \\\"PowerShell\\\" or winlog.provider_name : \\\"Microsoft-Windows-PowerShell\\\" \", \"language\": \"kuery\"}}"
                },
                "title": "Total commands [Winlogbeat powershell]",
                "uiStateJSON": "{}",
                "version": 1,
                "visState": "{\"title\": \"Total commands [Winlogbeat powershell]\", \"aggs\": [{\"schema\": \"metric\", \"type\": \"count\", \"enabled\": true, \"id\": \"1\", \"params\": {}}, {\"schema\": \"group\", \"type\": \"filters\", \"enabled\": true, \"id\": \"2\", \"params\": {\"filters\": [{\"label\": \"Commands\", \"input\": {\"query\": \"powershell.command.name: * \", \"language\": \"kuery\"}}]}}], \"params\": {\"addTooltip\": true, \"addLegend\": false, \"metric\": {\"colorSchema\": \"Green to Red\", \"labels\": {\"show\": true}, \"invertColors\": false, \"metricColorMode\": \"None\", \"percentageMode\": false, \"style\": {\"bgColor\": false, \"fontSize\": 32, \"labelColor\": false, \"subText\": \"\", \"bgFill\": \"#000\"}, \"colorsRange\": [{\"from\": 0, \"to\": 10000, \"type\": \"range\"}], \"useRanges\": false}, \"dimensions\": {\"bucket\": {\"format\": {\"params\": {}, \"id\": \"string\"}, \"type\": \"vis_dimension\", \"accessor\": 0}, \"metrics\": [{\"format\": {\"params\": {}, \"id\": \"number\"}, \"type\": \"vis_dimension\", \"accessor\": 1}]}, \"type\": \"metric\"}, \"type\": \"metric\"}"
            },
            "id": "7f3e7710-9e94-11ea-af6f-cfdb1ee1d6c8",
            "migrationVersion": {
                "visualization": "7.4.2"
            },
            "references": [
                {
                    "id": "winlogbeat-*",
                    "name": "kibanaSavedObjectMeta.searchSourceJSON.index",
                    "type": "index-pattern"
                }
            ],
            "type": "visualization",
            "updated_at": "2020-05-26T12:55:23.284Z",
            "version": "Wzc2LDFd"
        },
        {
            "attributes": {
                "description": "",
                "kibanaSavedObjectMeta": {
                    "searchSourceJSON": "{\"indexRefName\": \"kibanaSavedObjectMeta.searchSourceJSON.index\", \"filter\": [], \"query\": {\"query\": \"winlog.provider_name : \\\"PowerShell\\\" or winlog.provider_name : \\\"Microsoft-Windows-PowerShell\\\" \", \"language\": \"kuery\"}}"
                },
                "title": "Total remote commands [Winlogbeat powershell]",
                "uiStateJSON": "{}",
                "version": 1,
                "visState": "{\"title\": \"Total remote commands [Winlogbeat powershell]\", \"aggs\": [{\"schema\": \"metric\", \"type\": \"count\", \"enabled\": true, \"id\": \"1\", \"params\": {}}, {\"schema\": \"group\", \"type\": \"filters\", \"enabled\": true, \"id\": \"2\", \"params\": {\"filters\": [{\"label\": \"Remote commands\", \"input\": {\"query\": \"process.title:\\\"ServerRemoteHost\\\" \", \"language\": \"kuery\"}}]}}], \"params\": {\"addTooltip\": true, \"addLegend\": false, \"metric\": {\"colorSchema\": \"Green to Red\", \"labels\": {\"show\": true}, \"invertColors\": false, \"metricColorMode\": \"None\", \"percentageMode\": false, \"style\": {\"bgColor\": false, \"fontSize\": 32, \"labelColor\": false, \"subText\": \"\", \"bgFill\": \"#000\"}, \"colorsRange\": [{\"from\": 0, \"to\": 10000, \"type\": \"range\"}], \"useRanges\": false}, \"dimensions\": {\"bucket\": {\"format\": {\"params\": {}, \"id\": \"string\"}, \"type\": \"vis_dimension\", \"accessor\": 0}, \"metrics\": [{\"format\": {\"params\": {}, \"id\": \"number\"}, \"type\": \"vis_dimension\", \"accessor\": 1}]}, \"type\": \"metric\"}, \"type\": \"metric\"}"
            },
            "id": "78874900-9f30-11ea-bef1-95118e62a7c1",
            "migrationVersion": {
                "visualization": "7.4.2"
            },
            "references": [
                {
                    "id": "winlogbeat-*",
                    "name": "kibanaSavedObjectMeta.searchSourceJSON.index",
                    "type": "index-pattern"
                }
            ],
            "type": "visualization",
            "updated_at": "2020-05-26T12:55:23.284Z",
            "version": "Wzc3LDFd"
        },
        {
            "attributes": {
                "description": "",
                "kibanaSavedObjectMeta": {
                    "searchSourceJSON": "{\"indexRefName\": \"kibanaSavedObjectMeta.searchSourceJSON.index\", \"filter\": [], \"query\": {\"query\": \"winlog.provider_name : \\\"PowerShell\\\" or winlog.provider_name : \\\"Microsoft-Windows-PowerShell\\\" \", \"language\": \"kuery\"}}"
                },
                "title": "Unique users [Winlogbeat powershell]",
                "uiStateJSON": "{}",
                "version": 1,
                "visState": "{\"title\": \"Unique users [Winlogbeat powershell]\", \"aggs\": [{\"schema\": \"metric\", \"type\": \"cardinality\", \"enabled\": true, \"id\": \"1\", \"params\": {\"field\": \"related.user\", \"customLabel\": \"Unique users\"}}], \"params\": {\"addTooltip\": true, \"addLegend\": false, \"metric\": {\"colorSchema\": \"Green to Red\", \"labels\": {\"show\": true}, \"invertColors\": false, \"metricColorMode\": \"None\", \"percentageMode\": false, \"style\": {\"bgColor\": false, \"fontSize\": 32, \"labelColor\": false, \"subText\": \"\", \"bgFill\": \"#000\"}, \"colorsRange\": [{\"from\": 0, \"to\": 10000, \"type\": \"range\"}], \"useRanges\": false}, \"dimensions\": {\"metrics\": [{\"format\": {\"params\": {}, \"id\": \"number\"}, \"type\": \"vis_dimension\", \"accessor\": 0}]}, \"type\": \"metric\"}, \"type\": \"metric\"}"
            },
            "id": "e64ff750-9f28-11ea-bef1-95118e62a7c1",
            "migrationVersion": {
                "visualization": "7.4.2"
            },
            "references": [
                {
                    "id": "winlogbeat-*",
                    "name": "kibanaSavedObjectMeta.searchSourceJSON.index",
                    "type": "index-pattern"
                }
            ],
            "type": "visualization",
            "updated_at": "2020-05-26T12:55:23.284Z",
            "version": "Wzc4LDFd"
        },
        {
            "attributes": {
                "description": "",
                "kibanaSavedObjectMeta": {
                    "searchSourceJSON": "{\"indexRefName\": \"kibanaSavedObjectMeta.searchSourceJSON.index\", \"filter\": [], \"query\": {\"query\": \"winlog.provider_name : \\\"PowerShell\\\" or winlog.provider_name : \\\"Microsoft-Windows-PowerShell\\\" \", \"language\": \"kuery\"}}"
                },
                "title": "Unique engine versions [Winlogbeat powershell]",
                "uiStateJSON": "{}",
                "version": 1,
                "visState": "{\"title\": \"Unique engine versions [Winlogbeat powershell]\", \"aggs\": [{\"schema\": \"metric\", \"type\": \"cardinality\", \"enabled\": true, \"id\": \"1\", \"params\": {\"field\": \"powershell.engine.version\", \"customLabel\": \"Unique versions\"}}], \"params\": {\"addTooltip\": true, \"addLegend\": false, \"metric\": {\"colorSchema\": \"Green to Red\", \"labels\": {\"show\": true}, \"invertColors\": false, \"metricColorMode\": \"None\", \"percentageMode\": false, \"style\": {\"bgColor\": false, \"fontSize\": 32, \"labelColor\": false, \"subText\": \"\", \"bgFill\": \"#000\"}, \"colorsRange\": [{\"from\": 0, \"to\": 10000, \"type\": \"range\"}], \"useRanges\": false}, \"dimensions\": {\"metrics\": [{\"format\": {\"params\": {}, \"id\": \"number\"}, \"type\": \"vis_dimension\", \"accessor\": 0}]}, \"type\": \"metric\"}, \"type\": \"metric\"}"
            },
            "id": "2dbabdf0-9f29-11ea-bef1-95118e62a7c1",
            "migrationVersion": {
                "visualization": "7.4.2"
            },
            "references": [
                {
                    "id": "winlogbeat-*",
                    "name": "kibanaSavedObjectMeta.searchSourceJSON.index",
                    "type": "index-pattern"
                }
            ],
            "type": "visualization",
            "updated_at": "2020-05-26T12:55:23.284Z",
            "version": "Wzc5LDFd"
        },
        {
            "attributes": {
                "description": "",
                "kibanaSavedObjectMeta": {
                    "searchSourceJSON": "{\"indexRefName\": \"kibanaSavedObjectMeta.searchSourceJSON.index\", \"filter\": [], \"query\": {\"query\": \"winlog.provider_name : \\\"PowerShell\\\" or winlog.provider_name : \\\"Microsoft-Windows-PowerShell\\\" \", \"language\": \"kuery\"}}"
                },
                "title": "Unique hosts [Winlogbeat powershell]",
                "uiStateJSON": "{}",
                "version": 1,
                "visState": "{\"title\": \"Unique hosts [Winlogbeat powershell]\", \"aggs\": [{\"schema\": \"metric\", \"type\": \"cardinality\", \"enabled\": true, \"id\": \"1\", \"params\": {\"field\": \"host.name\", \"customLabel\": \"Unique hosts\"}}], \"params\": {\"addTooltip\": true, \"addLegend\": false, \"metric\": {\"colorSchema\": \"Green to Red\", \"labels\": {\"show\": true}, \"invertColors\": false, \"metricColorMode\": \"None\", \"percentageMode\": false, \"style\": {\"bgColor\": false, \"fontSize\": 32, \"labelColor\": false, \"subText\": \"\", \"bgFill\": \"#000\"}, \"colorsRange\": [{\"from\": 0, \"to\": 10000, \"type\": \"range\"}], \"useRanges\": false}, \"dimensions\": {\"metrics\": [{\"format\": {\"params\": {}, \"id\": \"number\"}, \"type\": \"vis_dimension\", \"accessor\": 0}]}, \"type\": \"metric\"}, \"type\": \"metric\"}"
            },
            "id": "92a2a6b0-9f29-11ea-bef1-95118e62a7c1",
            "migrationVersion": {
                "visualization": "7.4.2"
            },
            "references": [
                {
                    "id": "winlogbeat-*",
                    "name": "kibanaSavedObjectMeta.searchSourceJSON.index",
                    "type": "index-pattern"
                }
            ],
            "type": "visualization",
            "updated_at": "2020-05-26T12:55:23.284Z",
            "version": "WzgwLDFd"
        },
        {
            "attributes": {
                "description": "",
                "kibanaSavedObjectMeta": {
                    "searchSourceJSON": "{\"indexRefName\": \"kibanaSavedObjectMeta.searchSourceJSON.index\", \"filter\": [], \"query\": {\"query\": \"winlog.provider_name : \\\"PowerShell\\\" or winlog.provider_name : \\\"Microsoft-Windows-PowerShell\\\" \", \"language\": \"kuery\"}}"
                },
                "title": "Engine versions ran by host [Winlogbeat powershell]",
                "uiStateJSON": "{\"vis\": {\"params\": {\"sort\": {\"columnIndex\": null, \"direction\": null}}}}",
                "version": 1,
                "visState": "{\"title\": \"Engine versions ran by host [Winlogbeat powershell]\", \"aggs\": [{\"schema\": \"bucket\", \"type\": \"terms\", \"enabled\": true, \"id\": \"2\", \"params\": {\"order\": \"desc\", \"missingBucket\": false, \"size\": 5, \"missingBucketLabel\": \"Missing\", \"field\": \"host.name\", \"orderBy\": \"3\", \"otherBucketLabel\": \"Other\", \"otherBucket\": false, \"customLabel\": \"Host\"}}, {\"schema\": \"metric\", \"type\": \"cardinality\", \"enabled\": true, \"id\": \"3\", \"params\": {\"field\": \"powershell.engine.version\", \"customLabel\": \"Version count\"}}], \"params\": {\"perPage\": 10, \"percentageCol\": \"\", \"showMetricsAtAllLevels\": false, \"sort\": {\"columnIndex\": null, \"direction\": null}, \"showTotal\": false, \"totalFunc\": \"sum\", \"dimensions\": {\"buckets\": [{\"aggType\": \"terms\", \"label\": \"Host\", \"format\": {\"params\": {\"otherBucketLabel\": \"Other\", \"parsedUrl\": {\"pathname\": \"/app/kibana\", \"basePath\": \"\", \"origin\": \"http://192.168.1.48:5601\"}, \"missingBucketLabel\": \"Missing\", \"id\": \"string\"}, \"id\": \"terms\"}, \"params\": {}, \"accessor\": 0}], \"metrics\": [{\"aggType\": \"count\", \"label\": \"Count\", \"format\": {\"id\": \"number\"}, \"params\": {}, \"accessor\": 1}, {\"aggType\": \"cardinality\", \"label\": \"Version count\", \"format\": {\"id\": \"number\"}, \"params\": {}, \"accessor\": 2}]}, \"showPartialRows\": false}, \"type\": \"table\"}"
            },
            "id": "e20b3940-9e9a-11ea-af6f-cfdb1ee1d6c8",
            "migrationVersion": {
                "visualization": "7.4.2"
            },
            "references": [
                {
                    "id": "winlogbeat-*",
                    "name": "kibanaSavedObjectMeta.searchSourceJSON.index",
                    "type": "index-pattern"
                }
            ],
            "type": "visualization",
            "updated_at": "2020-05-26T12:55:23.284Z",
            "version": "WzgxLDFd"
        },
        {
            "attributes": {
                "description": "",
                "kibanaSavedObjectMeta": {
                    "searchSourceJSON": "{\"indexRefName\": \"kibanaSavedObjectMeta.searchSourceJSON.index\", \"filter\": [], \"query\": {\"query\": \"winlog.provider_name : \\\"PowerShell\\\" or winlog.provider_name : \\\"Microsoft-Windows-PowerShell\\\" \", \"language\": \"kuery\"}}"
                },
                "title": "Engine versions [Winlogbeat powershell]",
                "uiStateJSON": "{}",
                "version": 1,
                "visState": "{\"title\": \"Engine versions [Winlogbeat powershell]\", \"aggs\": [{\"schema\": \"metric\", \"type\": \"count\", \"enabled\": true, \"id\": \"1\", \"params\": {}}, {\"schema\": \"segment\", \"type\": \"terms\", \"enabled\": true, \"id\": \"2\", \"params\": {\"order\": \"desc\", \"missingBucket\": false, \"size\": 5, \"missingBucketLabel\": \"Missing\", \"field\": \"powershell.engine.version\", \"orderBy\": \"1\", \"otherBucketLabel\": \"Other\", \"otherBucket\": false, \"customLabel\": \"Engine version\"}}], \"params\": {\"labels\": {\"show\": false, \"values\": false, \"truncate\": 100, \"last_level\": false}, \"addLegend\": true, \"type\": \"pie\", \"legendPosition\": \"right\", \"addTooltip\": true, \"isDonut\": false, \"dimensions\": {\"metric\": {\"aggType\": \"count\", \"label\": \"Count\", \"format\": {\"id\": \"number\"}, \"params\": {}, \"accessor\": 0}}}, \"type\": \"pie\"}"
            },
            "id": "1eeaaf70-9f23-11ea-bef1-95118e62a7c1",
            "migrationVersion": {
                "visualization": "7.4.2"
            },
            "references": [
                {
                    "id": "winlogbeat-*",
                    "name": "kibanaSavedObjectMeta.searchSourceJSON.index",
                    "type": "index-pattern"
                }
            ],
            "type": "visualization",
            "updated_at": "2020-05-26T12:55:23.284Z",
            "version": "WzgyLDFd"
        },
        {
            "attributes": {
                "description": "",
                "kibanaSavedObjectMeta": {
                    "searchSourceJSON": "{\"indexRefName\": \"kibanaSavedObjectMeta.searchSourceJSON.index\", \"filter\": [], \"query\": {\"query\": \"winlog.provider_name : \\\"PowerShell\\\" or winlog.provider_name : \\\"Microsoft-Windows-PowerShell\\\" \", \"language\": \"kuery\"}}"
                },
                "title": "Host processes [Winlogbeat powershell]",
                "uiStateJSON": "{}",
                "version": 1,
                "visState": "{\"title\": \"Host processes [Winlogbeat powershell]\", \"aggs\": [{\"schema\": \"metric\", \"type\": \"count\", \"enabled\": true, \"id\": \"1\", \"params\": {}}, {\"schema\": \"segment\", \"type\": \"terms\", \"enabled\": true, \"id\": \"2\", \"params\": {\"order\": \"desc\", \"missingBucket\": false, \"size\": 5, \"missingBucketLabel\": \"Missing\", \"field\": \"process.title\", \"orderBy\": \"1\", \"otherBucketLabel\": \"Other\", \"otherBucket\": false}}], \"params\": {\"labels\": {\"show\": false, \"values\": false, \"truncate\": 100, \"last_level\": false}, \"addLegend\": true, \"type\": \"pie\", \"legendPosition\": \"right\", \"addTooltip\": true, \"isDonut\": false, \"dimensions\": {\"buckets\": [{\"aggType\": \"terms\", \"label\": \"process.title: Descending\", \"format\": {\"params\": {\"otherBucketLabel\": \"Other\", \"parsedUrl\": {\"pathname\": \"/app/kibana\", \"basePath\": \"\", \"origin\": \"http://192.168.1.48:5601\"}, \"missingBucketLabel\": \"Missing\", \"id\": \"string\"}, \"id\": \"terms\"}, \"params\": {}, \"accessor\": 0}], \"metric\": {\"aggType\": \"count\", \"label\": \"Count\", \"format\": {\"id\": \"number\"}, \"params\": {}, \"accessor\": 1}}}, \"type\": \"pie\"}"
            },
            "id": "f9fa55f0-9f34-11ea-bef1-95118e62a7c1",
            "migrationVersion": {
                "visualization": "7.4.2"
            },
            "references": [
                {
                    "id": "winlogbeat-*",
                    "name": "kibanaSavedObjectMeta.searchSourceJSON.index",
                    "type": "index-pattern"
                }
            ],
            "type": "visualization",
            "updated_at": "2020-05-26T12:55:23.284Z",
            "version": "WzgzLDFd"
        },
        {
            "attributes": {
                "description": "",
                "kibanaSavedObjectMeta": {
                    "searchSourceJSON": "{\"indexRefName\": \"kibanaSavedObjectMeta.searchSourceJSON.index\", \"filter\": [], \"query\": {\"query\": \"winlog.provider_name : \\\"PowerShell\\\" or winlog.provider_name : \\\"Microsoft-Windows-PowerShell\\\" \", \"language\": \"kuery\"}}"
                },
                "title": "Users [Winlogbeat powershell]",
                "uiStateJSON": "{\"vis\": {\"params\": {\"sort\": {\"columnIndex\": null, \"direction\": null}}}}",
                "version": 1,
                "visState": "{\"title\": \"Users [Winlogbeat powershell]\", \"aggs\": [{\"schema\": \"metric\", \"type\": \"count\", \"enabled\": true, \"id\": \"1\", \"params\": {}}, {\"schema\": \"bucket\", \"type\": \"terms\", \"enabled\": true, \"id\": \"3\", \"params\": {\"order\": \"desc\", \"missingBucket\": false, \"size\": 5, \"missingBucketLabel\": \"Missing\", \"field\": \"user.name\", \"orderBy\": \"1\", \"otherBucketLabel\": \"Other\", \"otherBucket\": false, \"customLabel\": \"User\"}}, {\"schema\": \"metric\", \"type\": \"cardinality\", \"enabled\": true, \"id\": \"4\", \"params\": {\"field\": \"host.name\", \"customLabel\": \"Host count\"}}], \"params\": {\"perPage\": 10, \"percentageCol\": \"\", \"showMetricsAtAllLevels\": false, \"sort\": {\"columnIndex\": null, \"direction\": null}, \"showTotal\": false, \"totalFunc\": \"sum\", \"dimensions\": {\"buckets\": [{\"aggType\": \"terms\", \"label\": \"User\", \"format\": {\"params\": {\"otherBucketLabel\": \"Other\", \"parsedUrl\": {\"pathname\": \"/app/kibana\", \"basePath\": \"\", \"origin\": \"http://192.168.1.48:5601\"}, \"missingBucketLabel\": \"Missing\", \"id\": \"string\"}, \"id\": \"terms\"}, \"params\": {}, \"accessor\": 0}], \"metrics\": [{\"aggType\": \"count\", \"label\": \"Count\", \"format\": {\"id\": \"number\"}, \"params\": {}, \"accessor\": 1}, {\"aggType\": \"cardinality\", \"label\": \"Unique count of host.name\", \"format\": {\"id\": \"number\"}, \"params\": {}, \"accessor\": 2}]}, \"showPartialRows\": false}, \"type\": \"table\"}"
            },
            "id": "3e55daa0-9e8e-11ea-af6f-cfdb1ee1d6c8",
            "migrationVersion": {
                "visualization": "7.4.2"
            },
            "references": [
                {
                    "id": "winlogbeat-*",
                    "name": "kibanaSavedObjectMeta.searchSourceJSON.index",
                    "type": "index-pattern"
                }
            ],
            "type": "visualization",
            "updated_at": "2020-05-26T12:55:23.284Z",
            "version": "Wzg0LDFd"
        },
        {
            "attributes": {
                "description": "",
                "kibanaSavedObjectMeta": {
                    "searchSourceJSON": "{\"indexRefName\": \"kibanaSavedObjectMeta.searchSourceJSON.index\", \"filter\": [], \"query\": {\"query\": \"winlog.provider_name : \\\"PowerShell\\\" or winlog.provider_name : \\\"Microsoft-Windows-PowerShell\\\" \", \"language\": \"kuery\"}}"
                },
                "title": "Event type [Winlogbeat powershell]",
                "uiStateJSON": "{}",
                "version": 1,
                "visState": "{\"title\": \"Event type [Winlogbeat powershell]\", \"aggs\": [{\"schema\": \"metric\", \"type\": \"count\", \"enabled\": true, \"id\": \"1\", \"params\": {}}, {\"schema\": \"segment\", \"type\": \"terms\", \"enabled\": true, \"id\": \"2\", \"params\": {\"order\": \"desc\", \"missingBucket\": false, \"size\": 10, \"missingBucketLabel\": \"Missing\", \"field\": \"event.code\", \"orderBy\": \"1\", \"otherBucketLabel\": \"Other\", \"otherBucket\": false, \"customLabel\": \"Event type\"}}], \"params\": {\"labels\": {\"show\": false, \"values\": false, \"truncate\": 100, \"last_level\": false}, \"addLegend\": true, \"type\": \"pie\", \"legendPosition\": \"right\", \"addTooltip\": true, \"isDonut\": false, \"dimensions\": {\"buckets\": [{\"aggType\": \"terms\", \"label\": \"event.code: Descending\", \"format\": {\"params\": {\"otherBucketLabel\": \"Other\", \"parsedUrl\": {\"pathname\": \"/app/kibana\", \"basePath\": \"\", \"origin\": \"http://192.168.1.48:5601\"}, \"missingBucketLabel\": \"Missing\", \"id\": \"string\"}, \"id\": \"terms\"}, \"params\": {}, \"accessor\": 0}], \"metric\": {\"aggType\": \"count\", \"label\": \"Count\", \"format\": {\"id\": \"number\"}, \"params\": {}, \"accessor\": 1}}}, \"type\": \"pie\"}"
            },
            "id": "d27dea70-9f32-11ea-bef1-95118e62a7c1",
            "migrationVersion": {
                "visualization": "7.4.2"
            },
            "references": [
                {
                    "id": "winlogbeat-*",
                    "name": "kibanaSavedObjectMeta.searchSourceJSON.index",
                    "type": "index-pattern"
                }
            ],
            "type": "visualization",
            "updated_at": "2020-05-26T12:55:23.284Z",
            "version": "Wzg1LDFd"
        },
        {
            "attributes": {
                "description": "",
                "kibanaSavedObjectMeta": {
                    "searchSourceJSON": "{\"indexRefName\": \"kibanaSavedObjectMeta.searchSourceJSON.index\", \"filter\": [], \"query\": {\"query\": \"winlog.provider_name : \\\"PowerShell\\\" or winlog.provider_name : \\\"Microsoft-Windows-PowerShell\\\" \", \"language\": \"kuery\"}}"
                },
                "title": "Event Levels [Winlogbeat powershell]",
                "uiStateJSON": "{}",
                "version": 1,
                "visState": "{\"title\": \"Event Levels [Winlogbeat powershell]\", \"aggs\": [{\"schema\": \"metric\", \"type\": \"count\", \"enabled\": true, \"id\": \"1\", \"params\": {}}, {\"schema\": \"segment\", \"type\": \"terms\", \"enabled\": true, \"id\": \"2\", \"params\": {\"order\": \"desc\", \"missingBucket\": false, \"size\": 5, \"missingBucketLabel\": \"Missing\", \"field\": \"log.level\", \"orderBy\": \"1\", \"otherBucketLabel\": \"Other\", \"otherBucket\": false}}], \"params\": {\"labels\": {\"show\": false, \"values\": false, \"truncate\": 100, \"last_level\": false}, \"addLegend\": true, \"type\": \"pie\", \"legendPosition\": \"right\", \"addTooltip\": true, \"isDonut\": false, \"dimensions\": {\"buckets\": [{\"aggType\": \"terms\", \"label\": \"log.level: Descending\", \"format\": {\"params\": {\"otherBucketLabel\": \"Other\", \"parsedUrl\": {\"pathname\": \"/app/kibana\", \"basePath\": \"\", \"origin\": \"http://192.168.1.48:5601\"}, \"missingBucketLabel\": \"Missing\", \"id\": \"string\"}, \"id\": \"terms\"}, \"params\": {}, \"accessor\": 0}], \"metric\": {\"aggType\": \"count\", \"label\": \"Count\", \"format\": {\"id\": \"number\"}, \"params\": {}, \"accessor\": 1}}}, \"type\": \"pie\"}"
            },
            "id": "fbb025e0-9e7c-11ea-af6f-cfdb1ee1d6c8",
            "migrationVersion": {
                "visualization": "7.4.2"
            },
            "references": [
                {
                    "id": "winlogbeat-*",
                    "name": "kibanaSavedObjectMeta.searchSourceJSON.index",
                    "type": "index-pattern"
                }
            ],
            "type": "visualization",
            "updated_at": "2020-05-26T12:55:23.284Z",
            "version": "Wzg2LDFd"
        },
        {
            "attributes": {
                "description": "",
                "kibanaSavedObjectMeta": {
                    "searchSourceJSON": "{\"indexRefName\": \"kibanaSavedObjectMeta.searchSourceJSON.index\", \"filter\": [], \"query\": {\"query\": \"winlog.provider_name : \\\"PowerShell\\\" or winlog.provider_name : \\\"Microsoft-Windows-PowerShell\\\" \", \"language\": \"kuery\"}}"
                },
                "title": "Engine and Command started[Winlogbeat powershell]",
                "uiStateJSON": "{\"vis\": {\"colors\": {\"Engine stopped\": \"#BF1B00\", \"*\": \"#EAB839\"}}}",
                "version": 1,
                "visState": "{\"title\": \"Engine and Command started[Winlogbeat powershell]\", \"aggs\": [{\"schema\": \"metric\", \"type\": \"count\", \"enabled\": true, \"id\": \"1\", \"params\": {}}, {\"schema\": \"segment\", \"type\": \"date_histogram\", \"enabled\": true, \"id\": \"2\", \"params\": {\"scaleMetricValues\": false, \"extended_bounds\": {}, \"min_doc_count\": 1, \"field\": \"@timestamp\", \"useNormalizedEsInterval\": true, \"drop_partials\": false, \"timeRange\": {\"from\": \"now-1d\", \"to\": \"now\"}, \"interval\": \"auto\"}}, {\"schema\": \"group\", \"type\": \"filters\", \"enabled\": true, \"id\": \"4\", \"params\": {\"filters\": [{\"label\": \"Engine started\", \"input\": {\"query\": \"event.code: \\\"400\\\" \", \"language\": \"kuery\"}}, {\"label\": \"Command started\", \"input\": {\"query\": \"event.code: \\\"4105\\\"  \", \"language\": \"kuery\"}}]}}], \"params\": {\"labels\": {}, \"addLegend\": true, \"legendPosition\": \"right\", \"valueAxes\": [{\"labels\": {\"show\": true, \"filter\": true, \"rotate\": 0, \"truncate\": 100}, \"show\": true, \"type\": \"value\", \"id\": \"ValueAxis-1\", \"position\": \"left\", \"title\": {\"text\": \"Count\"}, \"style\": {}, \"scale\": {\"setYExtents\": false, \"mode\": \"normal\", \"type\": \"log\", \"defaultYExtents\": false}, \"name\": \"LeftAxis-1\"}], \"grid\": {\"categoryLines\": false}, \"addTimeMarker\": false, \"categoryAxes\": [{\"labels\": {\"show\": true, \"filter\": true, \"truncate\": 100}, \"show\": true, \"type\": \"category\", \"id\": \"CategoryAxis-1\", \"position\": \"bottom\", \"title\": {}, \"style\": {}, \"scale\": {\"type\": \"linear\"}}], \"times\": [], \"dimensions\": {\"series\": [{\"aggType\": \"filters\", \"label\": \"filters\", \"format\": {}, \"params\": {}, \"accessor\": 1}], \"y\": [{\"aggType\": \"count\", \"label\": \"Count\", \"format\": {\"id\": \"number\"}, \"params\": {}, \"accessor\": 2}], \"x\": {\"aggType\": \"date_histogram\", \"label\": \"@timestamp per 30 minutes\", \"format\": {\"params\": {\"pattern\": \"HH:mm\"}, \"id\": \"date\"}, \"params\": {\"bounds\": {\"max\": \"2020-05-26T09:14:29.996Z\", \"min\": \"2020-05-25T09:14:29.996Z\"}, \"format\": \"HH:mm\", \"intervalESValue\": 30, \"intervalESUnit\": \"m\", \"date\": true, \"interval\": \"PT30M\"}, \"accessor\": 0}}, \"thresholdLine\": {\"color\": \"#E7664C\", \"style\": \"full\", \"show\": false, \"value\": 10, \"width\": 1}, \"addTooltip\": true, \"seriesParams\": [{\"show\": true, \"mode\": \"normal\", \"type\": \"line\", \"interpolate\": \"linear\", \"lineWidth\": 2, \"drawLinesBetweenPoints\": true, \"showCircles\": true, \"data\": {\"label\": \"Count\", \"id\": \"1\"}, \"valueAxis\": \"ValueAxis-1\"}], \"type\": \"line\"}, \"type\": \"line\"}"
            },
            "id": "7adbce50-9e96-11ea-af6f-cfdb1ee1d6c8",
            "migrationVersion": {
                "visualization": "7.4.2"
            },
            "references": [
                {
                    "id": "winlogbeat-*",
                    "name": "kibanaSavedObjectMeta.searchSourceJSON.index",
                    "type": "index-pattern"
                }
            ],
            "type": "visualization",
            "updated_at": "2020-05-26T12:55:23.284Z",
            "version": "Wzg3LDFd"
        },
        {
            "attributes": {
                "description": "",
                "kibanaSavedObjectMeta": {
                    "searchSourceJSON": "{\"indexRefName\": \"kibanaSavedObjectMeta.searchSourceJSON.index\", \"filter\": [], \"query\": {\"query\": \"winlog.provider_name : \\\"PowerShell\\\" or winlog.provider_name : \\\"Microsoft-Windows-PowerShell\\\" \", \"language\": \"kuery\"}}"
                },
                "title": "Top active hosts [Winlogbeat powershell]",
                "uiStateJSON": "{\"vis\": {\"params\": {\"sort\": {\"columnIndex\": null, \"direction\": null}}}}",
                "version": 1,
                "visState": "{\"title\": \"Top active hosts [Winlogbeat powershell]\", \"aggs\": [{\"schema\": \"metric\", \"type\": \"count\", \"enabled\": true, \"id\": \"1\", \"params\": {}}, {\"schema\": \"bucket\", \"type\": \"terms\", \"enabled\": true, \"id\": \"2\", \"params\": {\"order\": \"desc\", \"missingBucket\": false, \"size\": 10, \"missingBucketLabel\": \"Missing\", \"field\": \"host.name\", \"orderBy\": \"1\", \"otherBucketLabel\": \"Other\", \"otherBucket\": false}}], \"params\": {\"perPage\": 10, \"percentageCol\": \"\", \"showMetricsAtAllLevels\": false, \"sort\": {\"columnIndex\": null, \"direction\": null}, \"showTotal\": false, \"totalFunc\": \"sum\", \"dimensions\": {\"buckets\": [], \"metrics\": [{\"aggType\": \"count\", \"label\": \"Count\", \"format\": {\"id\": \"number\"}, \"params\": {}, \"accessor\": 0}]}, \"showPartialRows\": false}, \"type\": \"table\"}"
            },
            "id": "70751050-9f33-11ea-bef1-95118e62a7c1",
            "migrationVersion": {
                "visualization": "7.4.2"
            },
            "references": [
                {
                    "id": "winlogbeat-*",
                    "name": "kibanaSavedObjectMeta.searchSourceJSON.index",
                    "type": "index-pattern"
                }
            ],
            "type": "visualization",
            "updated_at": "2020-05-26T12:55:23.284Z",
            "version": "Wzg4LDFd"
        },
        {
            "attributes": {
                "description": "",
                "kibanaSavedObjectMeta": {
                    "searchSourceJSON": "{\"indexRefName\": \"kibanaSavedObjectMeta.searchSourceJSON.index\", \"filter\": [{\"$state\": {\"store\": \"appState\"}, \"query\": {\"match_phrase\": {\"powershell.command.invocation_details.type\": \"CommandInvocation\"}}, \"meta\": {\"negate\": false, \"indexRefName\": \"kibanaSavedObjectMeta.searchSourceJSON.filter[0].meta.index\", \"params\": {\"query\": \"CommandInvocation\"}, \"key\": \"powershell.command.invocation_details.type\", \"alias\": null, \"disabled\": false, \"type\": \"phrase\"}}], \"query\": {\"query\": \"winlog.provider_name : \\\"PowerShell\\\" or winlog.provider_name : \\\"Microsoft-Windows-PowerShell\\\" \", \"language\": \"kuery\"}}"
                },
                "title": "Top Invoked Commands [Winlogbeat powershell]",
                "uiStateJSON": "{}",
                "version": 1,
                "visState": "{\"title\": \"Top Invoked Commands [Winlogbeat powershell]\", \"aggs\": [{\"schema\": \"metric\", \"type\": \"count\", \"enabled\": true, \"id\": \"1\", \"params\": {}}, {\"schema\": \"segment\", \"type\": \"terms\", \"enabled\": true, \"id\": \"2\", \"params\": {\"order\": \"desc\", \"missingBucket\": false, \"size\": 10, \"missingBucketLabel\": \"Missing\", \"field\": \"powershell.command.name\", \"orderBy\": \"1\", \"otherBucketLabel\": \"Other\", \"otherBucket\": false}}], \"params\": {\"labels\": {\"show\": false, \"values\": true, \"truncate\": 100, \"last_level\": false}, \"addLegend\": true, \"type\": \"pie\", \"legendPosition\": \"right\", \"addTooltip\": true, \"isDonut\": false, \"dimensions\": {\"buckets\": [{\"aggType\": \"terms\", \"label\": \"powershell.command.invocation_details.related_command: Descending\", \"format\": {\"params\": {\"otherBucketLabel\": \"Other\", \"parsedUrl\": {\"pathname\": \"/app/kibana\", \"basePath\": \"\", \"origin\": \"http://192.168.1.48:5601\"}, \"missingBucketLabel\": \"Missing\", \"id\": \"string\"}, \"id\": \"terms\"}, \"params\": {}, \"accessor\": 0}], \"metric\": {\"aggType\": \"count\", \"label\": \"Count\", \"format\": {\"id\": \"number\"}, \"params\": {}, \"accessor\": 1}}}, \"type\": \"pie\"}"
            },
            "id": "b0c5d570-9e7c-11ea-af6f-cfdb1ee1d6c8",
            "migrationVersion": {
                "visualization": "7.4.2"
            },
            "references": [
                {
                    "id": "winlogbeat-*",
                    "name": "kibanaSavedObjectMeta.searchSourceJSON.index",
                    "type": "index-pattern"
                },
                {
                    "id": "winlogbeat-*",
                    "name": "kibanaSavedObjectMeta.searchSourceJSON.filter[0].meta.index",
                    "type": "index-pattern"
                }
            ],
            "type": "visualization",
            "updated_at": "2020-05-26T12:55:23.284Z",
            "version": "Wzg5LDFd"
        },
        {
            "attributes": {
                "description": "",
                "kibanaSavedObjectMeta": {
                    "searchSourceJSON": "{\"indexRefName\": \"kibanaSavedObjectMeta.searchSourceJSON.index\", \"filter\": [], \"query\": {\"query\": \"winlog.provider_name : \\\"PowerShell\\\" or winlog.provider_name : \\\"Microsoft-Windows-PowerShell\\\" \", \"language\": \"kuery\"}}"
                },
                "title": "Started providers [Winlogbeat powershell]",
                "uiStateJSON": "{}",
                "version": 1,
                "visState": "{\"title\": \"Started providers [Winlogbeat powershell]\", \"aggs\": [{\"schema\": \"metric\", \"type\": \"count\", \"enabled\": true, \"id\": \"1\", \"params\": {}}, {\"schema\": \"segment\", \"type\": \"terms\", \"enabled\": true, \"id\": \"2\", \"params\": {\"order\": \"desc\", \"missingBucket\": false, \"size\": 10, \"missingBucketLabel\": \"Missing\", \"field\": \"powershell.provider.name\", \"orderBy\": \"1\", \"otherBucketLabel\": \"Other\", \"otherBucket\": false}}], \"params\": {\"labels\": {\"show\": false, \"values\": false, \"truncate\": 100, \"last_level\": false}, \"addLegend\": true, \"type\": \"pie\", \"legendPosition\": \"right\", \"addTooltip\": true, \"isDonut\": false, \"dimensions\": {\"buckets\": [{\"aggType\": \"terms\", \"label\": \"powershell.provider.name: Descending\", \"format\": {\"params\": {\"otherBucketLabel\": \"Other\", \"parsedUrl\": {\"pathname\": \"/app/kibana\", \"basePath\": \"\", \"origin\": \"http://192.168.1.48:5601\"}, \"missingBucketLabel\": \"Missing\", \"id\": \"string\"}, \"id\": \"terms\"}, \"params\": {}, \"accessor\": 0}], \"metric\": {\"aggType\": \"count\", \"label\": \"Count\", \"format\": {\"id\": \"number\"}, \"params\": {}, \"accessor\": 1}}}, \"type\": \"pie\"}"
            },
            "id": "c0945210-9e8b-11ea-af6f-cfdb1ee1d6c8",
            "migrationVersion": {
                "visualization": "7.4.2"
            },
            "references": [
                {
                    "id": "winlogbeat-*",
                    "name": "kibanaSavedObjectMeta.searchSourceJSON.index",
                    "type": "index-pattern"
                }
            ],
            "type": "visualization",
            "updated_at": "2020-05-26T12:55:23.284Z",
            "version": "WzkwLDFd"
        },
        {
            "attributes": {
                "columns": [
                    "event.code",
                    "powershell.engine.version",
                    "powershell.runspace_id",
                    "process.args",
                    "powershell.command.invocation_details",
                    "powershell.file.script_block_text"
                ],
                "description": "",
                "hits": 0,
                "kibanaSavedObjectMeta": {
                    "searchSourceJSON": "{\"highlightAll\": true, \"indexRefName\": \"kibanaSavedObjectMeta.searchSourceJSON.index\", \"filter\": [], \"query\": {\"query\": \"(winlog.provider_name : \\\"PowerShell\\\" or winlog.provider_name : \\\"Microsoft-Windows-PowerShell\\\" )\", \"language\": \"kuery\"}, \"version\": true}"
                },
                "sort": [
                    [
                        "@timestamp",
                        "desc"
                    ]
                ],
                "title": "Details [Winlogbeat powershell]",
                "version": 1
            },
            "id": "11a61760-9f27-11ea-bef1-95118e62a7c1",
            "migrationVersion": {
                "search": "7.4.0"
            },
            "references": [
                {
                    "id": "winlogbeat-*",
                    "name": "kibanaSavedObjectMeta.searchSourceJSON.index",
                    "type": "index-pattern"
                }
            ],
            "type": "search",
            "updated_at": "2020-05-26T12:55:23.284Z",
            "version": "WzkxLDFd"
        }
    ],
    "version": "7.6.0"
}