{
    "objects": [
        {
            "attributes": {
                "description": "Overview of all Windows Event Logs.",
                "hits": 0,
                "kibanaSavedObjectMeta": {
                    "searchSourceJSON": "{\"filter\": [], \"query\": {\"query\": \"\", \"language\": \"kuery\"}}"
                },
                "optionsJSON": "{\"darkTheme\": false}",
                "panelsJSON": "[{\"gridData\": {\"h\": 20, \"w\": 36, \"y\": 0, \"i\": \"1\", \"x\": 12}, \"panelRefName\": \"panel_0\", \"panelIndex\": \"1\", \"version\": \"7.0.0-SNAPSHOT\"}, {\"gridData\": {\"h\": 20, \"w\": 12, \"y\": 0, \"i\": \"3\", \"x\": 0}, \"panelRefName\": \"panel_1\", \"panelIndex\": \"3\", \"version\": \"7.0.0-SNAPSHOT\"}, {\"gridData\": {\"h\": 20, \"w\": 16, \"y\": 20, \"i\": \"4\", \"x\": 16}, \"version\": \"7.0.0-SNAPSHOT\", \"panelRefName\": \"panel_2\", \"panelIndex\": \"4\", \"embeddableConfig\": {\"vis\": {\"params\": {\"sort\": {\"columnIndex\": null, \"direction\": null}}}}}, {\"gridData\": {\"h\": 20, \"w\": 16, \"y\": 20, \"i\": \"5\", \"x\": 32}, \"panelRefName\": \"panel_3\", \"panelIndex\": \"5\", \"version\": \"7.0.0-SNAPSHOT\"}, {\"gridData\": {\"h\": 20, \"w\": 16, \"y\": 20, \"i\": \"6\", \"x\": 0}, \"panelRefName\": \"panel_4\", \"panelIndex\": \"6\", \"version\": \"7.0.0-SNAPSHOT\"}]",
                "timeRestore": false,
                "title": "[Winlogbeat] Overview",
                "version": 1
            },
            "id": "Winlogbeat-Dashboard-ecs",
            "migrationVersion": {
                "dashboard": "7.0.0"
            },
            "references": [
                {
                    "id": "Number-of-Events-Over-Time-By-Event-Log-ecs",
                    "name": "panel_0",
                    "type": "visualization"
                },
                {
                    "id": "Number-of-Events-ecs",
                    "name": "panel_1",
                    "type": "visualization"
                },
                {
                    "id": "Top-Event-IDs-ecs",
                    "name": "panel_2",
                    "type": "visualization"
                },
                {
                    "id": "Event-Levels-ecs",
                    "name": "panel_3",
                    "type": "visualization"
                },
                {
                    "id": "Sources-ecs",
                    "name": "panel_4",
                    "type": "visualization"
                }
            ],
            "type": "dashboard",
            "updated_at": "2019-02-05T19:56:19.932Z",
            "version": 7
        },
        {
            "attributes": {
                "description": "",
                "kibanaSavedObjectMeta": {
                    "searchSourceJSON": "{\"indexRefName\": \"kibanaSavedObjectMeta.searchSourceJSON.index\", \"filter\": [], \"query\": {\"query\": \"\", \"language\": \"kuery\"}}"
                },
                "title": "Number of Events Over Time By Channel [Winlogbeat Overview]",
                "uiStateJSON": "{}",
                "version": 1,
                "visState": "{\"title\": \"Number of Events Over Time By Channel [Winlogbeat Overview]\", \"aggs\": [{\"schema\": \"metric\", \"type\": \"count\", \"enabled\": true, \"id\": \"1\", \"params\": {}}, {\"schema\": \"segment\", \"type\": \"date_histogram\", \"enabled\": true, \"id\": \"2\", \"params\": {\"customInterval\": \"2h\", \"time_zone\": \"America/Montreal\", \"min_doc_count\": 1, \"field\": \"@timestamp\", \"extended_bounds\": {}, \"useNormalizedEsInterval\": true, \"interval\": \"auto\", \"timeRange\": {\"from\": \"now-15d\", \"to\": \"now\", \"mode\": \"relative\"}, \"drop_partials\": false}}, {\"schema\": \"group\", \"type\": \"terms\", \"enabled\": true, \"id\": \"3\", \"params\": {\"order\": \"desc\", \"missingBucket\": false, \"size\": 6, \"missingBucketLabel\": \"Missing\", \"field\": \"winlog.channel\", \"orderBy\": \"1\", \"otherBucketLabel\": \"Other\", \"otherBucket\": false, \"customLabel\": \"Channel\"}}], \"params\": {\"yAxis\": {}, \"addLegend\": true, \"shareYAxis\": true, \"legendPosition\": \"right\", \"valueAxes\": [{\"labels\": {\"show\": true, \"filter\": false, \"rotate\": 0, \"truncate\": 100}, \"show\": true, \"type\": \"value\", \"id\": \"ValueAxis-1\", \"position\": \"left\", \"title\": {\"text\": \"Count\"}, \"style\": {}, \"scale\": {\"setYExtents\": false, \"mode\": \"normal\", \"type\": \"linear\", \"defaultYExtents\": false}, \"name\": \"LeftAxis-1\"}], \"grid\": {\"style\": {\"color\": \"#eee\"}, \"categoryLines\": false}, \"scale\": \"linear\", \"addTimeMarker\": false, \"dimensions\": {\"series\": [{\"aggType\": \"terms\", \"format\": {\"params\": {\"otherBucketLabel\": \"Other\", \"missingBucketLabel\": \"Missing\", \"id\": \"string\"}, \"id\": \"terms\"}, \"params\": {}, \"accessor\": 1}], \"y\": [{\"aggType\": \"count\", \"format\": {\"id\": \"number\"}, \"params\": {}, \"accessor\": 2}], \"x\": {\"aggType\": \"date_histogram\", \"format\": {\"params\": {\"pattern\": \"YYYY-MM-DD HH:mm\"}, \"id\": \"date\"}, \"params\": {\"bounds\": {\"max\": \"2019-02-05T04:30:25.961Z\", \"min\": \"2019-01-21T04:30:25.961Z\"}, \"date\": true, \"format\": \"YYYY-MM-DD HH:mm\", \"interval\": 43200000}, \"accessor\": 0}}, \"times\": [], \"mode\": \"stacked\", \"categoryAxes\": [{\"labels\": {\"show\": true, \"truncate\": 100}, \"show\": true, \"type\": \"category\", \"id\": \"CategoryAxis-1\", \"position\": \"bottom\", \"title\": {}, \"style\": {}, \"scale\": {\"type\": \"linear\"}}], \"addTooltip\": true, \"setYExtents\": false, \"seriesParams\": [{\"mode\": \"stacked\", \"show\": \"true\", \"data\": {\"label\": \"Count\", \"id\": \"1\"}, \"type\": \"histogram\", \"valueAxis\": \"ValueAxis-1\"}], \"defaultYExtents\": false, \"type\": \"histogram\"}, \"type\": \"histogram\"}"
            },
            "id": "Number-of-Events-Over-Time-By-Event-Log-ecs",
            "migrationVersion": {
                "visualization": "7.0.0"
            },
            "references": [
                {
                    "id": "winlogbeat-*",
                    "name": "kibanaSavedObjectMeta.searchSourceJSON.index",
                    "type": "index-pattern"
                }
            ],
            "type": "visualization",
            "updated_at": "2019-02-05T19:56:19.932Z",
            "version": 7
        },
        {
            "attributes": {
                "description": "",
                "kibanaSavedObjectMeta": {
                    "searchSourceJSON": "{\"indexRefName\": \"kibanaSavedObjectMeta.searchSourceJSON.index\", \"filter\": [], \"query\": {\"query\": \"\", \"language\": \"kuery\"}}"
                },
                "title": "Number of Events [Winlogbeat Overview]",
                "uiStateJSON": "{}",
                "version": 1,
                "visState": "{\"aggs\": [{\"type\": \"count\", \"params\": {}, \"id\": \"1\", \"schema\": \"metric\"}], \"params\": {\"fontSize\": 60}, \"listeners\": {}, \"type\": \"metric\"}"
            },
            "id": "Number-of-Events-ecs",
            "migrationVersion": {
                "visualization": "7.0.0"
            },
            "references": [
                {
                    "id": "winlogbeat-*",
                    "name": "kibanaSavedObjectMeta.searchSourceJSON.index",
                    "type": "index-pattern"
                }
            ],
            "type": "visualization",
            "updated_at": "2019-02-05T19:56:19.932Z",
            "version": 7
        },
        {
            "attributes": {
                "description": "",
                "kibanaSavedObjectMeta": {
                    "searchSourceJSON": "{\"indexRefName\": \"kibanaSavedObjectMeta.searchSourceJSON.index\", \"filter\": [], \"query\": {\"query\": \"\", \"language\": \"kuery\"}}"
                },
                "title": "Top Event IDs [Winlogbeat Overview]",
                "uiStateJSON": "{\"vis\": {\"params\": {\"sort\": {\"columnIndex\": null, \"direction\": null}}}}",
                "version": 1,
                "visState": "{\"title\": \"Top Event IDs [Winlogbeat Overview]\", \"aggs\": [{\"schema\": \"metric\", \"type\": \"count\", \"enabled\": true, \"id\": \"1\", \"params\": {}}, {\"schema\": \"bucket\", \"type\": \"terms\", \"enabled\": true, \"id\": \"2\", \"params\": {\"order\": \"desc\", \"missingBucket\": false, \"size\": 5, \"missingBucketLabel\": \"Missing\", \"field\": \"winlog.event_id\", \"orderBy\": \"1\", \"otherBucketLabel\": \"Other\", \"otherBucket\": false, \"customLabel\": \"Event IDs\"}}], \"params\": {\"perPage\": 10, \"showTotal\": false, \"sort\": {\"columnIndex\": null, \"direction\": null}, \"showMetricsAtAllLevels\": false, \"totalFunc\": \"sum\", \"dimensions\": {\"buckets\": [{\"aggType\": \"terms\", \"format\": {\"params\": {\"otherBucketLabel\": \"Other\", \"missingBucketLabel\": \"Missing\", \"id\": \"string\"}, \"id\": \"terms\"}, \"params\": {}, \"accessor\": 0}], \"metrics\": [{\"aggType\": \"count\", \"format\": {\"id\": \"number\"}, \"params\": {}, \"accessor\": 1}]}, \"showPartialRows\": false}, \"type\": \"table\"}"
            },
            "id": "Top-Event-IDs-ecs",
            "migrationVersion": {
                "visualization": "7.0.0"
            },
            "references": [
                {
                    "id": "winlogbeat-*",
                    "name": "kibanaSavedObjectMeta.searchSourceJSON.index",
                    "type": "index-pattern"
                }
            ],
            "type": "visualization",
            "updated_at": "2019-02-05T19:56:19.932Z",
            "version": 7
        },
        {
            "attributes": {
                "description": "",
                "kibanaSavedObjectMeta": {
                    "searchSourceJSON": "{\"indexRefName\": \"kibanaSavedObjectMeta.searchSourceJSON.index\", \"filter\": [], \"query\": {\"query\": \"\", \"language\": \"kuery\"}}"
                },
                "title": "Event Levels [Winlogbeat Overview]",
                "uiStateJSON": "{\"vis\": {\"params\": {\"sort\": {\"columnIndex\": null, \"direction\": null}}}}",
                "version": 1,
                "visState": "{\"title\": \"Event Levels [Winlogbeat Overview]\", \"aggs\": [{\"schema\": \"metric\", \"type\": \"count\", \"enabled\": true, \"id\": \"1\", \"params\": {}}, {\"schema\": \"bucket\", \"type\": \"terms\", \"enabled\": true, \"id\": \"2\", \"params\": {\"order\": \"desc\", \"missingBucket\": false, \"size\": 5, \"missingBucketLabel\": \"Missing\", \"field\": \"log.level\", \"orderBy\": \"1\", \"otherBucketLabel\": \"Other\", \"otherBucket\": false, \"customLabel\": \"Log Levels\"}}], \"params\": {\"perPage\": 10, \"showTotal\": false, \"sort\": {\"columnIndex\": null, \"direction\": null}, \"showMetricsAtAllLevels\": false, \"totalFunc\": \"sum\", \"dimensions\": {\"buckets\": [{\"aggType\": \"terms\", \"format\": {\"params\": {\"otherBucketLabel\": \"Other\", \"missingBucketLabel\": \"Missing\", \"id\": \"string\"}, \"id\": \"terms\"}, \"params\": {}, \"accessor\": 0}], \"metrics\": [{\"aggType\": \"count\", \"format\": {\"id\": \"number\"}, \"params\": {}, \"accessor\": 1}]}, \"showPartialRows\": false}, \"type\": \"table\"}"
            },
            "id": "Event-Levels-ecs",
            "migrationVersion": {
                "visualization": "7.0.0"
            },
            "references": [
                {
                    "id": "winlogbeat-*",
                    "name": "kibanaSavedObjectMeta.searchSourceJSON.index",
                    "type": "index-pattern"
                }
            ],
            "type": "visualization",
            "updated_at": "2019-02-05T19:56:19.932Z",
            "version": 7
        },
        {
            "attributes": {
                "description": "",
                "kibanaSavedObjectMeta": {
                    "searchSourceJSON": "{\"indexRefName\": \"kibanaSavedObjectMeta.searchSourceJSON.index\", \"filter\": [], \"query\": {\"query\": \"\", \"language\": \"kuery\"}}"
                },
                "title": "Sources (Provider Names) [Winlogbeat Overview]",
                "uiStateJSON": "{}",
                "version": 1,
                "visState": "{\"title\": \"Sources (Provider Names) [Winlogbeat Overview]\", \"aggs\": [{\"schema\": \"metric\", \"type\": \"count\", \"enabled\": true, \"id\": \"1\", \"params\": {}}, {\"schema\": \"segment\", \"type\": \"terms\", \"enabled\": true, \"id\": \"2\", \"params\": {\"order\": \"desc\", \"missingBucket\": false, \"size\": 7, \"missingBucketLabel\": \"Missing\", \"field\": \"winlog.provider_name\", \"orderBy\": \"1\", \"otherBucketLabel\": \"Other\", \"otherBucket\": false}}], \"params\": {\"labels\": {\"show\": false, \"values\": true, \"truncate\": 100, \"last_level\": true}, \"addLegend\": true, \"shareYAxis\": true, \"legendPosition\": \"right\", \"addTooltip\": true, \"isDonut\": false, \"type\": \"pie\"}, \"type\": \"pie\"}"
            },
            "id": "Sources-ecs",
            "migrationVersion": {
                "visualization": "7.0.0"
            },
            "references": [
                {
                    "id": "winlogbeat-*",
                    "name": "kibanaSavedObjectMeta.searchSourceJSON.index",
                    "type": "index-pattern"
                }
            ],
            "type": "visualization",
            "updated_at": "2019-02-05T19:56:19.932Z",
            "version": 7
        }
    ],
    "version": "7.0.0-SNAPSHOT"
}